{"type":"FeatureCollection","features":[{"type":"Feature","properties":{"nome":"Pará-Maranhão","situacao":"Marítima"},"geometry":{"type":"Polygon","coordinates":[[[-46.407,-1.0444],[-46.4306,-1.0536],[-46.413,-1.0402],[-46.4133,-1.0202],[-46.4616,-1.0179],[-46.469,-1.0537],[-46.487,-1.0007],[-46.4647,-0.9765],[-46.5006,-0.9737],[-46.4236,-0.8919],[-46.4274,-0.8583],[-46.4672,-0.8955],[-46.5114,-0.8846],[-46.5375,-0.978],[-46.5514,-0.9043],[-46.5855,-0.977],[-46.6021,-0.9517],[-46.6757,-0.9766],[-46.6841,-0.9526],[-46.6351,-0.929],[-46.6456,-0.8692],[-46.6093,-0.8425],[-46.6525,-0.7833],[-46.6883,-0.8179],[-46.6648,-0.8501],[-46.6666,-0.8573],[-46.722,-0.8275],[-46.7223,-0.8964],[-46.7467,-0.9208],[-46.7667,-0.8179],[-46.7893,-0.9008],[-46.8021,-0.8626],[-46.8181,-0.9005],[-46.8272,-0.896],[-46.8171,-0.8292],[-46.851,-0.8647],[-46.8461,-0.7361],[-46.9358,-0.877],[-46.95,-0.7903],[-46.98,-0.783],[-46.9581,-0.7138],[-47.0415,-0.7297],[-47.0288,-0.8032],[-47.0581,-0.8066],[-47.0503,-0.7119],[-47.0671,-0.7769],[-47.0891,-0.663],[-47.1417,-0.6881],[-47.1705,-0.7769],[-47.1684,-0.6636],[-47.2441,-0.7076],[-47.1998,-0.6653],[-47.2129,-0.6379],[-47.2936,-0.6462],[-47.2832,-0.6074],[-47.3229,-0.5945],[-47.426,-0.6558],[-47.4196,-0.5924],[-47.4751,-0.5969],[-47.4669,-0.7526],[-47.4885,-0.7654],[-47.5603,-0.5879],[-47.6268,-0.7018],[-47.6369,-0.6041],[-47.6991,-0.5935],[-47.7043,-0.5356],[-47.7641,-0.5658],[-47.7498,-0.5944],[-47.7669,-0.6386],[-47.8046,-0.5507],[-47.8244,-0.6669],[-47.8627,-0.6822],[-47.8578,-0.582],[-45.488,2.3791],[-45.0572,2.2516],[-44.6448,2.0667],[-44.0872,1.975],[-43.5684,1.7964],[-42.9674,1.4572],[-42.483,1.0501],[-44.4015,-2.2269],[-44.4447,-2.194],[-44.4343,-2.1678],[-44.5,-2.1421],[-44.5007,-2.0541],[-44.4663,-2.0165],[-44.5232,-1.9583],[-44.4882,-1.9674],[-44.5235,-1.8827],[-44.529,-1.9094],[-44.5694,-1.9016],[-44.5618,-1.9235],[-44.5745,-1.895],[-44.6056,-1.9064],[-44.5302,-1.8386],[-44.6399,-1.8581],[-44.608,-1.8351],[-44.6348,-1.7846],[-44.594,-1.7445],[-44.6555,-1.7212],[-44.6388,-1.7361],[-44.6484,-1.7914],[-44.6486,-1.7653],[-44.6649,-1.7979],[-44.6964,-1.8225],[-44.6534,-1.7663],[-44.6604,-1.7441],[-44.6996,-1.8043],[-44.7599,-1.8188],[-44.7171,-1.783],[-44.785,-1.7962],[-44.8014,-1.8185],[-44.8464,-1.8291],[-44.6975,-1.7384],[-44.7732,-1.7114],[-44.7522,-1.7327],[-44.7562,-1.7442],[-44.7884,-1.7509],[-44.7555,-1.7359],[-44.8051,-1.705],[-44.7741,-1.693],[-44.7846,-1.6713],[-44.7007,-1.6414],[-44.6577,-1.6667],[-44.6431,-1.6246],[-44.6785,-1.5646],[-44.6926,-1.6002],[-44.7029,-1.5911],[-44.7219,-1.6226],[-44.7335,-1.6232],[-44.7236,-1.6209],[-44.7227,-1.6036],[-44.7027,-1.5822],[-44.6968,-1.5576],[-44.737,-1.5384],[-44.7538,-1.4585],[-44.829,-1.5417],[-44.8462,-1.6247],[-44.8983,-1.6141],[-44.9074,-1.5484],[-44.8525,-1.4929],[-44.8872,-1.4819],[-44.8469,-1.4893],[-44.8411,-1.4586],[-44.8318,-1.4915],[-44.8163,-1.4187],[-44.8719,-1.4261],[-44.8698,-1.4584],[-44.9428,-1.4962],[-44.9272,-1.5115],[-44.9468,-1.4933],[-44.9433,-1.5177],[-44.9536,-1.4988],[-44.9506,-1.4922],[-44.9356,-1.4876],[-44.9461,-1.4771],[-44.962,-1.4935],[-44.959,-1.5156],[-45.0545,-1.4786],[-45.0635,-1.4816],[-45.066,-1.5076],[-45.0791,-1.5192],[-45.0661,-1.5028],[-45.0636,-1.445],[-45.0728,-1.4408],[-45.0622,-1.4403],[-45.0711,-1.4247],[-45.0794,-1.4403],[-45.0695,-1.4769],[-45.0787,-1.4877],[-45.1006,-1.4796],[-45.0872,-1.5046],[-45.0959,-1.514],[-45.1097,-1.4965],[-45.0953,-1.4577],[-45.1016,-1.3608],[-45.1305,-1.4598],[-45.1132,-1.5449],[-45.1519,-1.4657],[-45.1809,-1.5242],[-45.2346,-1.5493],[-45.2483,-1.6231],[-45.3098,-1.601],[-45.3532,-1.737],[-45.3579,-1.68],[-45.4024,-1.7044],[-45.3555,-1.6676],[-45.3414,-1.6295],[-45.3666,-1.6231],[-45.3414,-1.6253],[-45.2984,-1.4949],[-45.3226,-1.474],[-45.3278,-1.5175],[-45.3382,-1.4752],[-45.37,-1.5481],[-45.4015,-1.5687],[-45.3467,-1.4883],[-45.3849,-1.4853],[-45.3797,-1.5169],[-45.3886,-1.4821],[-45.3791,-1.4686],[-45.2933,-1.422],[-45.301,-1.345],[-45.3558,-1.3149],[-45.33,-1.362],[-45.3497,-1.3421],[-45.372,-1.3633],[-45.3733,-1.3919],[-45.3654,-1.3773],[-45.3514,-1.3827],[-45.3479,-1.3934],[-45.3914,-1.4129],[-45.3608,-1.4285],[-45.4026,-1.4225],[-45.4056,-1.4876],[-45.4294,-1.4255],[-45.4606,-1.477],[-45.4466,-1.5014],[-45.4473,-1.5192],[-45.4549,-1.5337],[-45.444,-1.5435],[-45.4815,-1.5373],[-45.4506,-1.5179],[-45.4888,-1.432],[-45.4025,-1.3081],[-45.4429,-1.2961],[-45.5193,-1.4125],[-45.512,-1.3615],[-45.522,-1.3681],[-45.545,-1.3738],[-45.5028,-1.2918],[-45.57,-1.3755],[-45.5302,-1.3169],[-45.5764,-1.3364],[-45.5535,-1.2742],[-45.5878,-1.3087],[-45.5766,-1.3526],[-45.6086,-1.3425],[-45.5775,-1.2662],[-45.6093,-1.2731],[-45.6329,-1.2343],[-45.603,-1.1649],[-45.6162,-1.1163],[-45.6396,-1.2072],[-45.6808,-1.1881],[-45.6727,-1.2306],[-45.689,-1.2014],[-45.7123,-1.249],[-45.7464,-1.2377],[-45.68,-1.1387],[-45.7368,-1.1351],[-45.7769,-1.2755],[-45.7827,-1.2704],[-45.7947,-1.2794],[-45.8153,-1.2766],[-45.781,-1.2655],[-45.8022,-1.2504],[-45.8389,-1.2842],[-45.8192,-1.2979],[-45.8207,-1.3118],[-45.8058,-1.3121],[-45.7956,-1.323],[-45.8015,-1.3448],[-45.8408,-1.285],[-45.796,-1.2225],[-45.792,-1.1633],[-45.8606,-1.2843],[-45.8806,-1.2605],[-45.8477,-1.2095],[-45.9038,-1.2603],[-45.9126,-1.236],[-45.8661,-1.2023],[-45.8605,-1.1684],[-45.8769,-1.1835],[-45.8883,-1.1811],[-45.866,-1.1473],[-45.9144,-1.1822],[-45.8523,-1.1261],[-45.8418,-1.045],[-45.9488,-1.239],[-45.9426,-1.1389],[-45.9947,-1.1628],[-45.9532,-1.1239],[-45.989,-1.0905],[-45.9587,-1.0855],[-45.9653,-1.047],[-45.9998,-1.09],[-46.0159,-1.0655],[-46.0378,-1.1678],[-46.0567,-1.132],[-46.0774,-1.1966],[-46.1045,-1.2025],[-46.0733,-1.0189],[-46.1479,-1.068],[-46.1492,-1.1356],[-46.1661,-1.0838],[-46.1667,-1.1552],[-46.2058,-1.1319],[-46.1565,-1.0501],[-46.172,-0.9932],[-46.1944,-1.0668],[-46.2774,-1.1695],[-46.2094,-1.059],[-46.2154,-0.9801],[-46.2344,-0.9967],[-46.2528,-0.9981],[-46.1875,-0.9336],[-46.205,-0.8867],[-46.2654,-0.9182],[-46.2438,-0.9289],[-46.2874,-0.983],[-46.2669,-0.9832],[-46.2681,-0.9965],[-46.3076,-1.0098],[-46.2842,-1.0483],[-46.3177,-1.0147],[-46.3338,-1.0696],[-46.3134,-1.0705],[-46.3059,-1.0847],[-46.3493,-1.073],[-46.345,-0.997],[-46.3757,-1.0527],[-46.3908,-0.9875],[-46.4245,-1.0067],[-46.4107,-1.0182],[-46.407,-1.0444]]]}},{"type":"Feature","properties":{"nome":"Tucano Sul","situacao":"Terrestre"},"geometry":{"type":"Polygon","coordinates":[[[-38.9589,-11.474],[-38.9818,-11.3056],[-38.9195,-11.2264],[-38.9561,-11.0836],[-38.922,-11.0595],[-38.7576,-11.0804],[-38.7402,-11.0296],[-38.5907,-11.1469],[-38.5511,-11.1336],[-38.5446,-11.0691],[-38.5128,-11.1073],[-38.475,-11.0936],[-38.3867,-11.2785],[-38.1977,-11.37],[-38.0553,-11.5026],[-38.0877,-11.5984],[-38.132,-11.6017],[-38.1195,-11.5705],[-38.1641,-11.5635],[-38.2542,-11.623],[-38.278,-11.7218],[-38.3951,-11.9214],[-38.5839,-12.1563],[-38.6522,-12.2081],[-38.7018,-12.0851],[-38.7689,-12.2499],[-38.7863,-12.0034],[-38.7472,-11.9964],[-38.7519,-11.9414],[-38.7811,-11.8947],[-38.7882,-11.9479],[-38.7923,-11.9089],[-38.8197,-11.9424],[-38.8021,-11.8779],[-38.8207,-11.851],[-38.8477,-11.8809],[-38.8777,-11.6701],[-38.9138,-11.646],[-38.8873,-11.6953],[-38.9454,-11.6359],[-38.9467,-11.5981],[-38.9123,-11.6259],[-38.8666,-11.6022],[-38.9306,-11.4094],[-38.9188,-11.5075],[-38.9589,-11.474]]]}},{"type":"Feature","properties":{"nome":"Parnaíba","situacao":"Terrestre"},"geometry":{"type":"Polygon","coordinates":[[[-41.8874,-3.0942],[-41.6236,-3.176],[-41.5538,-3.2572],[-41.5784,-3.2847],[-41.5267,-3.3638],[-41.499,-3.3452],[-41.5123,-3.3206],[-41.4043,-3.3598],[-41.3912,-3.4124],[-41.3285,-3.3875],[-41.3279,-3.4945],[-41.3083,-3.4685],[-41.2584,-3.4761],[-41.1883,-3.4096],[-41.1478,-3.5508],[-41.0741,-3.5473],[-41.0439,-3.6028],[-41.0414,-3.6877],[-40.9682,-3.6092],[-40.9628,-3.6915],[-40.8915,-3.773],[-40.909,-3.8404],[-40.8289,-3.9659],[-40.8367,-4.0852],[-40.7448,-4.1331],[-40.653,-4.0497],[-40.8019,-4.554],[-40.7796,-4.6128],[-40.8167,-4.7325],[-40.8399,-4.7205],[-40.8525,-4.7548],[-40.8415,-4.8041],[-40.8734,-4.7976],[-40.8677,-4.8888],[-40.8288,-4.9185],[-40.9189,-5.0244],[-40.9326,-4.9953],[-40.9852,-5.0218],[-40.9966,-4.9956],[-41.0052,-5.0243],[-41.0583,-4.9948],[-41.0596,-5.0283],[-41.1352,-5.0358],[-41.0792,-5.0676],[-41.0821,-5.0405],[-41.045,-5.0424],[-41.0224,-5.0839],[-41.0334,-5.0323],[-40.9911,-5.0943],[-40.9925,-5.0476],[-40.9265,-5.0934],[-40.9306,-5.0657],[-40.9214,-5.1241],[-40.8792,-5.1579],[-40.9288,-5.2093],[-40.8943,-5.2843],[-40.9103,-5.4309],[-40.8824,-5.4567],[-40.9086,-5.5061],[-40.8879,-5.4973],[-40.9061,-5.545],[-40.8772,-5.6416],[-40.8896,-5.8685],[-40.8535,-5.8961],[-40.8622,-5.9815],[-40.7484,-6.3354],[-40.7486,-6.4322],[-40.7768,-6.4493],[-40.6814,-6.5054],[-40.7062,-6.5151],[-40.6741,-6.5726],[-40.7022,-6.5682],[-40.6705,-6.5894],[-40.6658,-6.6765],[-40.7103,-6.7559],[-40.7498,-6.7499],[-40.7239,-6.8026],[-40.7447,-6.7906],[-40.7381,-6.8256],[-40.7738,-6.8093],[-40.7663,-6.8641],[-40.7936,-6.8395],[-40.8075,-6.9093],[-40.8389,-6.9031],[-40.8327,-6.9525],[-40.9804,-6.9981],[-40.8309,-7.1094],[-40.8246,-7.204],[-40.8701,-7.2386],[-40.9026,-7.2252],[-40.8943,-7.2637],[-40.965,-7.3661],[-41.1323,-7.5535],[-41.1359,-7.6103],[-41.1668,-7.6185],[-41.1466,-7.6532],[-41.2301,-7.6629],[-41.287,-7.7993],[-41.3898,-7.8659],[-41.3852,-7.9532],[-41.4439,-7.964],[-41.4185,-7.977],[-41.437,-8.0336],[-41.5285,-8.0497],[-41.5502,-8.1166],[-41.5847,-8.1277],[-41.5689,-8.1416],[-41.7037,-8.2357],[-41.6828,-8.2885],[-41.7409,-8.3549],[-41.8163,-8.365],[-41.8809,-8.3117],[-41.8473,-8.3951],[-41.906,-8.4528],[-41.9613,-8.4508],[-41.9821,-8.4141],[-42.0352,-8.5238],[-42.0925,-8.5108],[-42.1292,-8.4374],[-42.1752,-8.4337],[-42.3004,-8.5962],[-42.2651,-8.5976],[-42.2911,-8.6386],[-42.2401,-8.6472],[-42.2389,-8.5777],[-42.195,-8.5243],[-42.1828,-8.5375],[-42.2119,-8.5762],[-42.1727,-8.5783],[-42.1805,-8.6215],[-42.2496,-8.6845],[-42.2528,-8.7289],[-42.3222,-8.7634],[-42.3897,-8.7416],[-42.6743,-8.9054],[-42.6974,-8.8766],[-42.7986,-8.9252],[-42.7759,-8.9693],[-42.8317,-9.0024],[-42.8855,-8.9601],[-42.8723,-9.0184],[-43.0261,-9.0618],[-43.0144,-9.0905],[-43.0661,-9.1277],[-43.1468,-9.1287],[-43.1438,-9.1569],[-43.2416,-9.1891],[-43.2793,-9.2555],[-43.4338,-9.2786],[-43.4567,-9.3221],[-43.4955,-9.2667],[-43.4842,-9.339],[-43.5093,-9.3093],[-43.5305,-9.3712],[-43.6805,-9.4846],[-43.7894,-9.6197],[-43.9823,-9.7257],[-44.0121,-9.788],[-44.1696,-9.8161],[-44.1954,-9.857],[-44.21,-9.8289],[-44.2083,-9.8713],[-44.2172,-9.8907],[-44.2887,-9.9488],[-44.3268,-9.9431],[-44.2457,-9.8577],[-44.2173,-9.8807],[-44.2146,-9.8203],[-44.1961,-9.8444],[-44.1811,-9.8219],[-44.2401,-9.7961],[-44.2405,-9.8393],[-44.2861,-9.8573],[-44.4138,-9.8432],[-44.4143,-9.8691],[-44.5228,-9.8888],[-44.6021,-9.8285],[-44.5921,-9.889],[-44.5158,-9.9429],[-44.5399,-9.9919],[-44.4966,-9.9769],[-44.5905,-10.0615],[-44.4992,-10.0629],[-44.4747,-10.1003],[-44.5061,-10.1223],[-44.483,-10.1244],[-44.4997,-10.1336],[-44.4941,-10.1528],[-44.475,-10.1584],[-44.4755,-10.1071],[-44.3491,-10.0551],[-44.3963,-10.0896],[-44.3771,-10.1398],[-44.2428,-10.1394],[-44.268,-10.1831],[-44.4401,-10.2557],[-44.5171,-10.2174],[-44.5349,-10.2777],[-44.5792,-10.2621],[-44.6005,-10.3509],[-44.6864,-10.3603],[-44.692,-10.3874],[-44.7143,-10.3621],[-44.7056,-10.3913],[-44.7929,-10.4293],[-44.8865,-10.4173],[-44.8724,-10.3777],[-44.9543,-10.2976],[-45.069,-10.3576],[-45.0934,-10.4026],[-45.0959,-10.3705],[-45.1354,-10.3605],[-45.1653,-10.39],[-45.1967,-10.3679],[-45.2229,-10.4335],[-45.1898,-10.4464],[-45.1856,-10.5438],[-45.1632,-10.5403],[-45.2246,-10.5992],[-45.1942,-10.6287],[-45.4261,-10.6805],[-45.6513,-10.7735],[-46.1212,-11.028],[-46.5715,-11.3804],[-46.7505,-11.5696],[-46.7713,-11.5286],[-46.7816,-11.5982],[-46.8288,-11.4884],[-46.8043,-11.4301],[-46.8337,-11.459],[-46.8904,-11.4079],[-46.8557,-11.4029],[-46.8619,-11.3689],[-46.8923,-11.3871],[-46.9202,-11.3307],[-46.9837,-11.3659],[-46.9426,-11.3567],[-46.9447,-11.4247],[-46.9496,-11.3949],[-46.9981,-11.3873],[-47.0032,-11.3062],[-47.0213,-11.3211],[-47.0384,-11.2914],[-47.0703,-11.3183],[-47.0724,-11.2926],[-47.1572,-11.28],[-47.1425,-11.233],[-47.1744,-11.2223],[-47.1981,-11.2897],[-47.3694,-11.2937],[-47.3544,-11.2565],[-47.289,-11.2819],[-47.2733,-11.0955],[-47.3521,-11.2273],[-47.403,-11.0962],[-47.4636,-11.0472],[-47.4167,-10.9749],[-47.453,-11.014],[-47.5314,-10.989],[-47.5803,-11.008],[-47.6175,-11.0398],[-47.6139,-11.0762],[-47.5715,-11.0162],[-47.6101,-11.1056],[-47.6678,-11.0886],[-47.6382,-11.0706],[-47.6828,-11.013],[-47.7439,-11.1187],[-47.7637,-11.1237],[-47.7584,-11.0598],[-47.8098,-11.0761],[-47.8176,-11.0497],[-47.837,-11.0741],[-47.8289,-11.0412],[-47.8752,-11.0304],[-47.8954,-11.0547],[-47.8801,-11.019],[-47.9077,-11.0239],[-47.9082,-10.9811],[-47.9906,-10.9373],[-48.0022,-10.835],[-48.0363,-10.8357],[-48.0028,-10.8126],[-48.0054,-10.7565],[-48.0441,-10.8133],[-48.0701,-10.7375],[-48.1024,-10.7441],[-48.0743,-10.724],[-48.0508,-10.7451],[-48.0228,-10.735],[-48.0858,-10.6763],[-48.0098,-10.6851],[-48.0773,-10.6606],[-48.0628,-10.6364],[-48.0127,-10.6634],[-48.0507,-10.6299],[-48.0271,-10.627],[-48.0358,-10.5989],[-48.0486,-10.6136],[-48.0736,-10.5844],[-48.0081,-10.5496],[-48.0655,-10.5425],[-48.055,-10.4863],[-48.1042,-10.5333],[-48.1316,-10.5111],[-48.1214,-10.4749],[-48.1558,-10.4651],[-48.1592,-10.4879],[-48.1984,-10.4514],[-48.1848,-10.4247],[-48.1475,-10.4507],[-48.1547,-10.3891],[-48.1079,-10.4116],[-48.1806,-10.3308],[-48.2043,-10.3407],[-48.1907,-10.3139],[-48.1613,-10.3427],[-48.1301,-10.3032],[-48.169,-10.2769],[-48.2165,-10.3008],[-48.2279,-10.2748],[-48.1974,-10.2488],[-48.1543,-10.2636],[-48.1735,-10.2449],[-48.1231,-10.2402],[-48.1151,-10.2243],[-48.1904,-10.231],[-48.2032,-10.2045],[-48.2453,-10.2421],[-48.2651,-10.2273],[-48.2289,-10.1701],[-48.2999,-9.9878],[-48.2625,-9.993],[-48.2536,-10.078],[-48.2325,-10.071],[-48.2267,-10.1081],[-48.2043,-10.0746],[-48.243,-10.0589],[-48.2796,-9.9282],[-48.2225,-9.9692],[-48.2151,-9.9454],[-48.2523,-9.925],[-48.2316,-9.9038],[-48.2815,-9.9084],[-48.2761,-9.8566],[-48.2369,-9.8649],[-48.2398,-9.8371],[-48.2702,-9.8435],[-48.259,-9.8117],[-48.3138,-9.7723],[-48.2521,-9.7549],[-48.2784,-9.729],[-48.3459,-9.7501],[-48.3534,-9.6675],[-48.3175,-9.672],[-48.3376,-9.6436],[-48.3336,-9.6309],[-48.2735,-9.6364],[-48.2675,-9.5293],[-48.3209,-9.574],[-48.3474,-9.5198],[-48.3806,-9.7762],[-48.3357,-9.8262],[-48.3488,-9.9639],[-48.2782,-10.1129],[-48.2989,-10.3963],[-48.361,-10.4205],[-48.3393,-10.4716],[-48.3715,-10.4522],[-48.3925,-10.557],[-48.4535,-10.5714],[-48.4664,-10.5193],[-48.507,-10.5072],[-48.5807,-10.5273],[-48.5843,-10.5654],[-48.6321,-10.5441],[-48.6435,-10.5908],[-48.6857,-10.5826],[-48.7215,-10.6181],[-48.6654,-10.6202],[-48.727,-10.6328],[-48.6929,-10.5312],[-48.6546,-10.5435],[-48.6336,-10.5161],[-48.6092,-10.3717],[-48.5814,-10.3703],[-48.6074,-10.4471],[-48.5752,-10.4547],[-48.5748,-10.3795],[-48.5226,-10.3457],[-48.5934,-10.3019],[-48.5789,-10.2482],[-48.6098,-10.2538],[-48.6056,-10.2804],[-48.6162,-10.2312],[-48.6371,-10.2506],[-48.6192,-10.1975],[-48.6454,-10.2218],[-48.6533,-10.1896],[-48.664,-10.185],[-48.6599,-10.242],[-48.7074,-10.1941],[-48.715,-10.2392],[-48.7395,-10.1869],[-48.7808,-10.2069],[-48.7866,-10.1828],[-48.792,-10.1932],[-48.8235,-10.1438],[-48.8467,-10.1339],[-48.852,-10.1581],[-48.8434,-10.1479],[-48.8253,-10.148],[-48.8537,-10.1783],[-48.8056,-10.1793],[-48.8567,-10.1878],[-48.8646,-10.1028],[-48.8354,-10.1293],[-48.7929,-10.1039],[-48.8224,-10.1337],[-48.7977,-10.1481],[-48.7737,-10.1045],[-48.8258,-10.0773],[-48.7894,-10.0576],[-48.8736,-10.0152],[-48.8447,-10.0467],[-48.8827,-10.059],[-48.8606,-10.0713],[-48.8798,-10.0928],[-48.9157,-10.0167],[-48.9389,-10.0087],[-48.9477,-10.041],[-49.0026,-9.9644],[-49.0081,-10.0157],[-49.1018,-10.0017],[-49.0995,-9.7613],[-49.1635,-9.5241],[-49.0713,-9.5399],[-49.0459,-9.5077],[-49.0185,-9.6287],[-49.0099,-9.5429],[-48.9849,-9.6263],[-48.974,-9.6082],[-48.9817,-9.5186],[-48.9255,-9.7495],[-48.7764,-10.0741],[-48.7269,-10.1028],[-48.7891,-10.164],[-48.7613,-10.1568],[-48.7593,-10.1815],[-48.7392,-10.1247],[-48.7189,-10.181],[-48.7057,-10.0922],[-48.6842,-10.1416],[-48.6646,-10.102],[-48.6444,-10.1311],[-48.6501,-10.0883],[-48.5958,-10.0604],[-48.6432,-10.0142],[-48.652,-10.0794],[-48.6832,-10.0336],[-48.7043,-10.08],[-48.7329,-9.9177],[-48.8065,-9.8662],[-48.745,-9.8557],[-48.7422,-9.806],[-48.7267,-9.825],[-48.7502,-9.6858],[-48.8506,-9.6764],[-48.8455,-9.6286],[-48.9153,-9.5337],[-48.8967,-9.4414],[-48.8605,-9.4386],[-48.9257,-9.3757],[-48.8648,-9.3434],[-48.9052,-9.3104],[-48.9078,-9.283],[-48.8701,-9.2834],[-48.9064,-9.2545],[-48.9007,-9.2171],[-48.9311,-9.2366],[-48.9086,-9.1557],[-48.9318,-9.1794],[-48.9523,-9.1359],[-48.9643,-9.1666],[-48.9846,-9.1678],[-48.9473,-9.1128],[-48.9646,-9.0827],[-48.9328,-9.1115],[-48.9182,-9.0752],[-48.9559,-9.0344],[-48.9229,-9.0103],[-48.954,-8.9422],[-48.9028,-8.9103],[-48.889,-8.797],[-48.8419,-8.7991],[-48.7907,-9.2437],[-48.7409,-9.2831],[-48.7423,-9.3518],[-48.7128,-9.3567],[-48.7497,-9.3794],[-48.7102,-9.3931],[-48.6988,-9.3684],[-48.6973,-9.4102],[-48.6678,-9.3387],[-48.6456,-9.349],[-48.6439,-9.2981],[-48.6241,-9.3185],[-48.5753,-9.3163],[-48.6117,-9.3055],[-48.6184,-9.2661],[-48.5895,-9.1823],[-48.6418,-9.2405],[-48.6415,-9.1767],[-48.6541,-9.2269],[-48.6672,-9.1576],[-48.7142,-9.1626],[-48.6697,-9.1217],[-48.6961,-9.0987],[-48.6576,-9.1109],[-48.6894,-9.0574],[-48.6847,-9.0121],[-48.6567,-9.0089],[-48.6886,-8.9656],[-48.645,-9.0048],[-48.6256,-9.0009],[-48.6589,-8.9695],[-48.6398,-8.9043],[-48.669,-8.8894],[-48.62,-8.868],[-48.6442,-8.8592],[-48.6038,-8.8032],[-48.6124,-8.7642],[-48.6326,-8.7917],[-48.6241,-8.7519],[-48.6394,-8.7782],[-48.6561,-8.7675],[-48.6124,-8.7271],[-48.5823,-8.7526],[-48.5878,-8.7104],[-48.5695,-8.7378],[-48.5674,-8.6791],[-48.5403,-8.6619],[-48.5486,-8.7047],[-48.5352,-8.6753],[-48.5325,-8.6379],[-48.5486,-8.6529],[-48.5921,-8.6549],[-48.5318,-8.633],[-48.5971,-8.5811],[-48.5395,-8.6031],[-48.5754,-8.544],[-48.6019,-8.5732],[-48.6258,-8.548],[-48.6058,-8.5057],[-48.581,-8.5086],[-48.6151,-8.5546],[-48.5688,-8.5285],[-48.5451,-8.4111],[-48.57,-8.3751],[-48.5479,-8.3713],[-48.5879,-8.3417],[-48.5836,-8.3076],[-48.6082,-8.3079],[-48.6358,-8.2816],[-48.6363,-8.2707],[-48.5885,-8.2502],[-48.6316,-8.2745],[-48.5947,-8.2846],[-48.5805,-8.2226],[-48.5753,-8.2457],[-48.5391,-8.2214],[-48.5198,-8.1665],[-48.5653,-8.1766],[-48.5184,-8.1165],[-48.5347,-8.1284],[-48.5569,-8.1224],[-48.5644,-8.1141],[-48.544,-8.0916],[-48.5504,-8.1198],[-48.5096,-8.1086],[-48.588,-8.0342],[-48.5883,-8.0609],[-48.6625,-8.0325],[-48.62,-7.9861],[-48.6426,-7.9615],[-48.6098,-7.9135],[-48.6465,-7.908],[-48.5791,-7.8941],[-48.6273,-7.7844],[-48.6597,-7.812],[-48.6517,-7.6526],[-48.5673,-7.87],[-48.5604,-7.8209],[-48.5106,-7.7913],[-48.5345,-7.5837],[-48.4639,-7.512],[-48.4342,-7.3889],[-48.4576,-7.3353],[-48.4035,-7.2295],[-48.4027,-6.9788],[-48.3755,-6.9448],[-48.4028,-6.9002],[-48.3725,-6.8262],[-48.4026,-6.801],[-48.397,-6.7291],[-48.3703,-6.7545],[-48.4074,-6.6839],[-48.3572,-6.6089],[-48.3867,-6.4991],[-48.3455,-6.4007],[-48.3616,-6.3685],[-48.3423,-6.3952],[-48.3339,-6.3755],[-48.3562,-6.2843],[-48.3234,-6.2366],[-48.3552,-6.2394],[-48.326,-6.1396],[-48.3775,-6.0818],[-48.3393,-6.0488],[-48.422,-5.5768],[-48.4823,-5.685],[-48.5495,-5.7122],[-48.5974,-5.8013],[-48.599,-5.886],[-48.6297,-5.9012],[-48.7261,-5.5915],[-48.7425,-5.3673],[-48.7774,-5.3294],[-48.889,-5.3078],[-48.7595,-5.2465],[-48.6722,-5.0061],[-48.6458,-5.0169],[-48.6086,-4.9756],[-48.684,-4.886],[-48.6371,-4.8007],[-48.5913,-4.4398],[-48.6308,-4.449],[-48.65,-4.2249],[-48.7763,-4.1753],[-48.7844,-4.1169],[-48.1393,-3.5393],[-47.9343,-3.2702],[-47.723,-2.9197],[-47.2475,-2.4999],[-46.832,-2.0812],[-46.7655,-2.1572],[-46.7761,-2.2451],[-46.7133,-2.3438],[-46.7224,-2.396],[-46.5719,-2.5167],[-46.544,-2.6333],[-46.5004,-2.6582],[-46.4556,-2.6573],[-46.4316,-2.6217],[-46.4008,-2.6352],[-46.4022,-2.6741],[-46.3054,-2.6651],[-46.2565,-2.6931],[-46.2802,-2.6053],[-46.2296,-2.6229],[-46.1347,-2.5732],[-46.0312,-2.6426],[-45.7789,-2.7175],[-44.9836,-2.7886],[-44.4835,-2.5203],[-44.4384,-2.4433],[-44.4712,-2.4579],[-44.5108,-2.3921],[-44.5748,-2.4246],[-44.5659,-2.3934],[-44.5596,-2.4092],[-44.5151,-2.3843],[-44.4709,-2.4158],[-44.4091,-2.4104],[-44.3263,-2.5004],[-44.0216,-2.4008],[-44.0201,-2.4527],[-44.0939,-2.4591],[-44.0249,-2.5074],[-44.0366,-2.5595],[-43.9062,-2.6124],[-43.6426,-2.6411],[-43.4444,-2.8172],[-43.2084,-2.8356],[-43.0132,-2.9596],[-42.512,-3.1373],[-42.3785,-3.1398],[-42.2205,-3.0638],[-42.0474,-3.0833],[-41.964,-3.0195],[-41.8563,-3.0447],[-41.8874,-3.0942]]]}},{"type":"Feature","properties":{"nome":"Pernambuco-Paraiba_Terra","situacao":"Terrestre"},"geometry":{"type":"Polygon","coordinates":[[[-35.0149,-8.3297],[-35.062,-8.2646],[-35.0169,-8.2562],[-35.0508,-8.2443],[-35.0716,-8.2203],[-35.0202,-8.2398],[-34.9874,-8.2141],[-34.9992,-8.1906],[-34.9775,-8.2025],[-34.9748,-8.1651],[-35.0042,-8.1663],[-34.9728,-8.1222],[-35.015,-8.1131],[-34.9673,-8.0998],[-34.9984,-8.0354],[-34.9766,-8.0561],[-34.9593,-8.0019],[-35.0652,-7.9549],[-35.046,-7.9146],[-35.0744,-7.9196],[-35.1225,-7.8603],[-35.0681,-7.846],[-35.0646,-7.8066],[-35.13,-7.8441],[-35.1649,-7.8384],[-35.1642,-7.8085],[-35.0985,-7.8198],[-35.1002,-7.7437],[-35.0956,-7.7823],[-35.0374,-7.7857],[-35.0582,-7.7464],[-35.0824,-7.7362],[-35.0902,-7.7273],[-35.0914,-7.7206],[-35.0362,-7.7315],[-35.0089,-7.6561],[-34.9772,-7.6722],[-34.9901,-7.6399],[-34.9157,-7.6835],[-34.8695,-7.6477],[-34.916,-7.6685],[-35.0057,-7.6205],[-35.0505,-7.6843],[-35.026,-7.5951],[-35.0586,-7.6102],[-35.0127,-7.5706],[-35.0178,-7.5614],[-35.1667,-7.6415],[-35.1898,-7.6215],[-35.1566,-7.5682],[-35.1411,-7.5976],[-35.0693,-7.5578],[-35.0824,-7.5034],[-35.048,-7.5283],[-34.9811,-7.5],[-35.0296,-7.4807],[-35.0292,-7.5021],[-35.0609,-7.4461],[-35.1448,-7.4107],[-35.2007,-7.3184],[-35.1501,-7.3672],[-35.1664,-7.3087],[-35.2032,-7.3021],[-35.1686,-7.2838],[-35.1708,-7.215],[-35.1002,-7.1714],[-35.0911,-7.1107],[-35.1291,-7.1011],[-35.1195,-7.0728],[-35.1249,-7.0626],[-35.1439,-7.095],[-35.1545,-7.0716],[-35.2082,-7.0983],[-35.1353,-7.1267],[-35.1937,-7.1154],[-35.184,-7.1643],[-35.2011,-7.1119],[-35.3609,-7.0219],[-35.2068,-6.9251],[-35.1812,-6.936],[-35.213,-6.8879],[-35.1753,-6.8716],[-35.1607,-6.8974],[-35.1645,-6.8709],[-35.1294,-6.8628],[-35.1679,-6.8248],[-35.1409,-6.7585],[-35.1657,-6.7879],[-35.1695,-6.7547],[-35.1783,-6.7807],[-35.2242,-6.7697],[-35.191,-6.7494],[-35.2404,-6.7092],[-35.201,-6.684],[-35.2167,-6.6407],[-35.2454,-6.6447],[-35.2082,-6.6679],[-35.2457,-6.6829],[-35.297,-6.6115],[-35.2701,-6.5929],[-35.2984,-6.5613],[-35.2389,-6.5256],[-35.2347,-6.4694],[-35.3492,-6.3979],[-35.2357,-6.3061],[-35.2325,-6.2556],[-35.3794,-6.2135],[-35.3895,-6.1105],[-35.3494,-6.092],[-35.3564,-6.1284],[-35.3285,-6.0908],[-35.3689,-6.0725],[-35.351,-6.0438],[-35.4293,-6.0824],[-35.4644,-6.0676],[-35.4482,-6.0941],[-35.4741,-6.0992],[-35.5899,-6.0743],[-35.5929,-6.1027],[-35.6795,-6.0602],[-35.6485,-6.0063],[-35.6207,-6.0065],[-35.6527,-6.0453],[-35.6326,-6.0579],[-35.5629,-5.985],[-35.428,-5.9435],[-35.4824,-5.9975],[-35.4123,-5.982],[-35.3413,-5.8883],[-35.4173,-5.8675],[-35.4299,-5.8973],[-35.5207,-5.9157],[-35.4412,-5.9236],[-35.382,-5.8829],[-35.4201,-5.9313],[-35.594,-5.9647],[-35.5219,-5.8465],[-35.3862,-5.8223],[-35.4962,-5.8336],[-35.4677,-5.8136],[-35.5022,-5.7921],[-35.4503,-5.8014],[-35.5396,-5.7174],[-35.4993,-5.6864],[-35.5507,-5.6844],[-35.5487,-5.6457],[-35.5957,-5.6235],[-35.5648,-5.625],[-35.7469,-5.5321],[-35.8254,-5.5267],[-35.3856,-5.2665],[-35.2284,-5.577],[-35.18,-5.8692],[-35.1071,-6.0067],[-35.0944,-6.1824],[-35.0374,-6.2364],[-35.0303,-6.3448],[-34.9815,-6.3997],[-34.9373,-6.7712],[-34.9028,-6.8657],[-34.8537,-6.9007],[-34.8677,-7.0088],[-34.8552,-7.0279],[-34.8303,-6.967],[-34.8437,-7.0562],[-34.7937,-7.1549],[-34.8037,-7.4725],[-34.8401,-7.5542],[-34.8076,-7.6259],[-34.8464,-7.6891],[-34.823,-7.7441],[-34.8478,-7.8164],[-34.8197,-7.9182],[-34.8379,-8.0065],[-34.9402,-8.2549],[-35.0048,-8.5664],[-35.0671,-8.6447],[-35.0886,-8.7383],[-35.1461,-8.7351],[-35.1112,-8.7186],[-35.1588,-8.6649],[-35.0853,-8.6285],[-35.1505,-8.5952],[-35.1296,-8.5813],[-35.1591,-8.5472],[-35.1031,-8.5779],[-35.0822,-8.5371],[-35.1047,-8.5094],[-35.045,-8.4526],[-35.0782,-8.4468],[-35.0515,-8.4112],[-35.0923,-8.4118],[-35.1306,-8.3682],[-35.0566,-8.3932],[-35.0494,-8.3375],[-35.0149,-8.3297]]]}},{"type":"Feature","properties":{"nome":"São Luis","situacao":"Terrestre"},"geometry":{"type":"Polygon","coordinates":[[[-46.0312,-2.6426],[-45.9776,-2.5533],[-45.9947,-2.51],[-45.9616,-2.4853],[-46.0734,-2.3023],[-46.0928,-2.2041],[-46.1492,-2.1706],[-46.1651,-2.1196],[-46.0968,-1.9286],[-46.1578,-1.9005],[-46.1681,-1.8442],[-46.2235,-1.795],[-46.3087,-1.7961],[-46.2974,-1.7273],[-46.1956,-1.7068],[-46.1396,-1.7543],[-46.0416,-1.7577],[-45.8716,-1.5523],[-45.8153,-1.5259],[-45.6561,-1.576],[-45.6203,-1.4846],[-45.4951,-1.5961],[-45.5085,-1.7245],[-45.4382,-1.7637],[-45.4354,-1.6911],[-45.393,-1.6726],[-45.4031,-1.7084],[-45.3656,-1.6761],[-45.3865,-1.7116],[-45.3579,-1.68],[-45.3392,-1.7332],[-45.3098,-1.601],[-45.2483,-1.6231],[-45.2346,-1.5493],[-45.1809,-1.5242],[-45.1519,-1.4657],[-45.146,-1.5233],[-45.1267,-1.512],[-45.1303,-1.5301],[-45.1286,-1.5449],[-45.1234,-1.548],[-45.1132,-1.5449],[-45.1305,-1.4598],[-45.1016,-1.3608],[-45.1097,-1.4965],[-45.0959,-1.514],[-45.1006,-1.4796],[-45.0787,-1.4877],[-45.0711,-1.4247],[-45.0622,-1.4403],[-45.0791,-1.5192],[-45.0545,-1.4786],[-44.959,-1.5156],[-44.962,-1.4935],[-44.9461,-1.4771],[-44.9356,-1.4876],[-44.9506,-1.4922],[-44.9536,-1.4988],[-44.9433,-1.5177],[-44.9468,-1.4933],[-44.9357,-1.5095],[-44.9272,-1.5115],[-44.9428,-1.4962],[-44.8698,-1.4584],[-44.8719,-1.4261],[-44.8163,-1.4187],[-44.8318,-1.4915],[-44.8411,-1.4586],[-44.8469,-1.4893],[-44.8723,-1.4806],[-44.8872,-1.4819],[-44.8525,-1.4929],[-44.9074,-1.5484],[-44.8983,-1.6141],[-44.8462,-1.6247],[-44.829,-1.5417],[-44.7538,-1.4585],[-44.737,-1.5384],[-44.6968,-1.5576],[-44.7335,-1.6232],[-44.6785,-1.5646],[-44.6479,-1.6479],[-44.7846,-1.6713],[-44.7741,-1.693],[-44.8051,-1.705],[-44.7555,-1.7359],[-44.7898,-1.745],[-44.7884,-1.7509],[-44.7562,-1.7442],[-44.7522,-1.7327],[-44.7732,-1.7114],[-44.6975,-1.7384],[-44.8464,-1.8291],[-44.7171,-1.783],[-44.7599,-1.8188],[-44.6996,-1.8043],[-44.6604,-1.7441],[-44.6964,-1.8225],[-44.6486,-1.7653],[-44.6523,-1.7881],[-44.6484,-1.7914],[-44.6388,-1.7361],[-44.651,-1.7202],[-44.594,-1.7445],[-44.6348,-1.7846],[-44.608,-1.8351],[-44.6399,-1.8581],[-44.5302,-1.8386],[-44.5484,-1.8709],[-44.6015,-1.8972],[-44.6056,-1.9064],[-44.5745,-1.895],[-44.5716,-1.9213],[-44.5618,-1.9235],[-44.5694,-1.9016],[-44.529,-1.9094],[-44.5235,-1.8827],[-44.4882,-1.9674],[-44.5045,-1.9497],[-44.5154,-1.9477],[-44.5232,-1.9583],[-44.4663,-2.0165],[-44.5007,-2.0541],[-44.5,-2.1421],[-44.3963,-2.2139],[-44.4165,-2.2287],[-44.3933,-2.2234],[-44.3571,-2.3266],[-44.3986,-2.3551],[-44.3703,-2.3708],[-44.3996,-2.4157],[-44.5151,-2.3843],[-44.5659,-2.3934],[-44.5748,-2.4246],[-44.5108,-2.3921],[-44.4712,-2.4579],[-44.4384,-2.4433],[-44.4835,-2.5203],[-44.9836,-2.7886],[-45.7789,-2.7175],[-46.0312,-2.6426]]]}},{"type":"Feature","properties":{"nome":"Cumuruxatiba_Terra","situacao":"Terrestre"},"geometry":{"type":"Polygon","coordinates":[[[-39.0193,-16.2812],[-39.0088,-16.3759],[-39.0589,-16.428],[-39.1079,-16.7103],[-39.1417,-16.7573],[-39.1427,-16.8663],[-39.1122,-16.8961],[-39.1529,-16.9428],[-39.2133,-17.1692],[-39.1952,-17.58],[-39.1368,-17.687],[-40.0169,-17.7091],[-40.1163,-17.664],[-40.1048,-17.6256],[-40.3252,-17.6115],[-40.3914,-17.5427],[-40.48,-17.5543],[-40.4895,-17.5149],[-40.4261,-17.5292],[-40.3967,-17.4917],[-40.3616,-17.5191],[-40.3843,-17.4273],[-40.2806,-17.371],[-40.161,-17.4425],[-40.0624,-17.442],[-40.0496,-17.4751],[-39.9034,-17.4379],[-39.8753,-17.4736],[-39.75,-17.5015],[-39.7416,-17.5335],[-39.6565,-17.514],[-39.5291,-17.5358],[-39.6778,-17.4816],[-39.6994,-17.5098],[-39.8363,-17.4726],[-39.8333,-17.435],[-39.7081,-17.4908],[-39.6846,-17.3911],[-39.7336,-17.3678],[-39.7092,-17.3378],[-39.8329,-17.2766],[-39.7302,-17.2854],[-39.6748,-17.2693],[-39.6617,-17.2257],[-39.6152,-17.2533],[-39.5719,-17.2054],[-39.4286,-17.222],[-39.637,-17.1144],[-39.6161,-17.003],[-39.4272,-17.106],[-39.3868,-17.0466],[-39.4166,-17.0162],[-39.3728,-16.9873],[-39.4044,-16.9791],[-39.4039,-16.9029],[-39.4487,-16.8928],[-39.432,-16.8632],[-39.4827,-16.8699],[-39.4841,-16.7454],[-39.6043,-16.7481],[-39.6254,-16.6759],[-39.4173,-16.5853],[-39.4192,-16.5647],[-39.4674,-16.5814],[-39.4504,-16.5451],[-39.4855,-16.5304],[-39.4464,-16.5242],[-39.4702,-16.4867],[-39.2368,-16.4126],[-39.3217,-16.3867],[-39.4685,-16.4575],[-39.4933,-16.4015],[-39.6714,-16.3764],[-39.7475,-16.3034],[-39.5876,-16.2722],[-39.0193,-16.2812]]]}},{"type":"Feature","properties":{"nome":"Cedro","situacao":"Terrestre"},"geometry":{"type":"Polygon","coordinates":[[[-39.3021,-7.7853],[-39.1669,-7.6541],[-39.0574,-7.6912],[-39.0419,-7.7435],[-38.9762,-7.7133],[-38.9468,-7.7478],[-38.9081,-7.7036],[-38.9107,-7.7811],[-38.9889,-7.7543],[-38.9884,-7.8651],[-39.0887,-7.8118],[-39.1763,-7.8297],[-39.1611,-7.8146],[-39.2123,-7.7597],[-39.3021,-7.7853]]]}},{"type":"Feature","properties":{"nome":"Espírito Santo_Terra","situacao":"Terrestre"},"geometry":{"type":"Polygon","coordinates":[[[-39.6707,-18.3527],[-39.7289,-18.5009],[-39.7473,-18.7066],[-39.6968,-19.3681],[-39.8077,-19.6487],[-39.9838,-19.7398],[-40.14,-19.9496],[-40.1593,-20.0391],[-40.1911,-20.057],[-40.1717,-20.1109],[-40.1981,-20.2173],[-40.2378,-20.29],[-40.259,-20.2675],[-40.2927,-20.2886],[-40.2695,-20.3255],[-40.3351,-20.4524],[-40.4171,-20.4106],[-40.3916,-20.4032],[-40.4303,-20.3874],[-40.4262,-20.3463],[-40.4906,-20.341],[-40.4498,-20.3218],[-40.4085,-20.3468],[-40.3811,-20.3944],[-40.3707,-20.325],[-40.4049,-20.325],[-40.371,-20.2832],[-40.4149,-20.304],[-40.4534,-20.2781],[-40.3884,-20.2714],[-40.3543,-20.2473],[-40.4057,-20.2637],[-40.3835,-20.2192],[-40.4079,-20.2428],[-40.466,-20.2581],[-40.3951,-20.2018],[-40.4805,-20.2017],[-40.4059,-20.1764],[-40.4916,-20.1036],[-40.4501,-20.1048],[-40.4178,-20.1554],[-40.4253,-20.1155],[-40.3883,-20.1089],[-40.4035,-20.1634],[-40.3753,-20.1181],[-40.3952,-20.1682],[-40.3693,-20.1956],[-40.3369,-20.126],[-40.3447,-20.1775],[-40.3006,-20.1962],[-40.2696,-20.1736],[-40.2944,-20.0912],[-40.3287,-20.0736],[-40.3507,-20.1003],[-40.3405,-20.0665],[-40.372,-20.0723],[-40.3235,-20.0537],[-40.2896,-20.0808],[-40.2799,-20.0426],[-40.388,-20.0579],[-40.3773,-20.0234],[-40.3293,-20.0105],[-40.353,-19.9851],[-40.3403,-19.925],[-40.3242,-19.9918],[-40.2537,-19.997],[-40.2408,-19.9632],[-40.3563,-19.8479],[-40.2834,-19.7959],[-40.2856,-19.6807],[-40.3131,-19.6848],[-40.2579,-19.6223],[-40.3556,-19.5281],[-40.3866,-19.6005],[-40.4961,-19.5228],[-40.3969,-19.5159],[-40.3864,-19.456],[-40.3194,-19.4723],[-40.2945,-19.3608],[-40.2704,-19.3428],[-40.2669,-19.3821],[-40.2374,-19.3701],[-40.2586,-19.1913],[-40.2387,-19.1616],[-40.1795,-19.171],[-40.2836,-19.0581],[-40.3483,-19.0649],[-40.3694,-19.0293],[-40.3253,-18.9588],[-40.2817,-18.9946],[-40.2462,-18.9843],[-40.2661,-18.9725],[-40.2263,-18.9454],[-40.2271,-18.9007],[-40.1668,-18.9531],[-40.1863,-18.8909],[-40.2715,-18.8261],[-40.1796,-18.7934],[-40.233,-18.7293],[-40.1682,-18.701],[-40.1386,-18.615],[-40.0841,-18.6356],[-40.1923,-18.5634],[-40.41,-18.5302],[-40.4377,-18.4774],[-40.3931,-18.4425],[-40.3623,-18.4562],[-40.359,-18.4015],[-40.3233,-18.4159],[-40.3482,-18.3357],[-40.269,-18.3281],[-40.272,-18.3577],[-40.2217,-18.3038],[-40.1552,-18.2909],[-40.3309,-18.296],[-40.4109,-18.219],[-40.3709,-18.1425],[-40.4171,-18.1493],[-40.3716,-18.1314],[-39.6707,-18.3527]]]}},{"type":"Feature","properties":{"nome":"Camamu-Almada_Terra","situacao":"Terrestre"},"geometry":{"type":"Polygon","coordinates":[[[-39.1028,-13.9345],[-39.1099,-14.0031],[-39.1781,-13.8199],[-39.1397,-13.7084],[-39.1018,-13.7127],[-39.1241,-13.6808],[-39.09,-13.4835],[-39.118,-13.4907],[-39.1245,-13.4349],[-39.0946,-13.4146],[-39.0886,-13.4691],[-39.0492,-13.3337],[-39.0452,-13.3719],[-38.9065,-13.3784],[-38.8898,-13.4579],[-38.9356,-13.5605],[-38.8889,-13.644],[-38.9142,-13.6742],[-38.9671,-13.6711],[-38.9982,-13.745],[-38.9282,-13.9397],[-38.9899,-14.1883],[-38.9825,-14.2964],[-39.0653,-14.6376],[-39.0586,-14.7721],[-39.0839,-14.6881],[-39.1588,-14.6985],[-39.1783,-14.6455],[-39.2139,-14.6438],[-39.1629,-14.5882],[-39.1132,-14.5821],[-39.1114,-14.6377],[-39.0725,-14.589],[-39.0559,-14.5092],[-39.0995,-14.5373],[-39.1028,-14.4996],[-39.0291,-14.4383],[-39.0257,-14.3799],[-39.0803,-14.4257],[-39.084,-14.3846],[-39.1173,-14.382],[-38.9894,-14.288],[-39.1014,-14.3046],[-39.1099,-14.3332],[-39.1341,-14.3385],[-39.0751,-14.2207],[-39.0928,-14.2303],[-39.0791,-13.9485],[-39.1028,-13.9345]]]}},{"type":"Feature","properties":{"nome":"Jequitinhonha_Terra","situacao":"Terrestre"},"geometry":{"type":"Polygon","coordinates":[[[-39.0433,-16.2795],[-39.4901,-16.2798],[-39.4643,-16.2402],[-39.2587,-16.1815],[-39.2326,-16.1362],[-39.3238,-16.1464],[-39.2883,-16.0873],[-39.2586,-16.1055],[-39.2704,-16.049],[-39.3646,-16.0604],[-39.4333,-16.0008],[-39.3547,-15.959],[-39.3978,-15.8453],[-39.3663,-15.8215],[-39.3177,-15.8799],[-39.3161,-15.8408],[-39.2687,-15.8344],[-39.2425,-15.773],[-39.337,-15.7298],[-39.3758,-15.7807],[-39.4954,-15.8268],[-39.5209,-15.7983],[-39.4544,-15.7919],[-39.4557,-15.7084],[-39.3395,-15.6329],[-39.4324,-15.6482],[-39.4431,-15.5985],[-39.4645,-15.6283],[-39.4794,-15.5438],[-39.5359,-15.4843],[-39.3884,-15.4332],[-39.2145,-15.4498],[-39.204,-15.3457],[-39.2388,-15.3389],[-39.238,-15.2895],[-39.2141,-15.327],[-39.1724,-15.3091],[-39.1303,-15.3739],[-39.0778,-15.358],[-39.0723,-15.3299],[-39.1057,-15.3252],[-39.0528,-15.2979],[-39.121,-15.2748],[-39.0897,-15.2733],[-39.1099,-15.1533],[-39.1943,-15.0602],[-39.1571,-14.9658],[-39.0478,-14.8442],[-39.0938,-14.7973],[-39.0612,-14.7816],[-39.0251,-14.8066],[-38.9372,-15.6573],[-38.857,-15.861],[-38.9538,-16.099],[-38.9493,-16.1568],[-39.0433,-16.2795]]]}},{"type":"Feature","properties":{"nome":"Sergipe_Terra","situacao":"Terrestre"},"geometry":{"type":"Polygon","coordinates":[[[-37.2838,-11.0992],[-37.3177,-10.9572],[-37.379,-10.9298],[-37.3695,-10.8636],[-37.2645,-10.6655],[-37.1645,-10.6143],[-37.186,-10.5604],[-37.1571,-10.5347],[-37.2589,-10.4416],[-37.228,-10.4234],[-37.2408,-10.3875],[-37.2575,-10.415],[-37.2947,-10.399],[-37.263,-10.3614],[-37.3049,-10.2954],[-37.3314,-10.3036],[-37.3078,-10.2539],[-37.2587,-10.3305],[-37.1935,-10.3126],[-37.2109,-10.3545],[-37.1707,-10.3515],[-37.2016,-10.3704],[-37.1784,-10.3887],[-37.2077,-10.3943],[-37.1972,-10.4176],[-37.1451,-10.4276],[-37.15,-10.4559],[-37.1192,-10.4376],[-37.1007,-10.4826],[-37.0689,-10.4799],[-37.0803,-10.5009],[-37.0239,-10.5183],[-36.9294,-10.3208],[-36.8328,-10.2606],[-36.8295,-10.2135],[-36.714,-10.2818],[-36.634,-10.2564],[-36.5809,-10.3202],[-36.5676,-10.4196],[-36.4343,-10.4301],[-36.4001,-10.5204],[-36.6206,-10.5899],[-36.8084,-10.705],[-36.9377,-10.832],[-37.2614,-11.2893],[-37.3195,-11.4274],[-37.3669,-11.4367],[-37.4135,-11.417],[-37.4087,-11.3855],[-37.2333,-11.1778],[-37.2581,-11.1196],[-37.2225,-11.148],[-37.2138,-11.1423],[-37.2838,-11.0992]]]}},{"type":"Feature","properties":{"nome":"Pantanal","situacao":"Terrestre"},"geometry":{"type":"Polygon","coordinates":[[[-57.5118,-20.6224],[-57.5794,-20.6084],[-57.585,-20.6333],[-57.54,-20.7069],[-57.4833,-20.7097],[-57.4425,-20.6745],[-57.5257,-20.8005],[-57.4699,-20.789],[-57.448,-20.7299],[-57.4196,-20.7588],[-57.4186,-20.8134],[-57.4463,-20.81],[-57.4106,-20.8404],[-57.4555,-20.8766],[-57.4102,-20.9732],[-57.2585,-21.0585],[-57.2215,-21.107],[-57.24,-21.1495],[-57.1569,-21.1528],[-57.1704,-21.055],[-57.1479,-21.0458],[-57.0255,-21.1753],[-57.1574,-21.2959],[-57.1843,-21.2373],[-57.2343,-21.2155],[-57.3129,-21.3748],[-57.2408,-21.4625],[-57.3333,-21.4336],[-57.3535,-21.6289],[-57.4339,-21.6647],[-57.3875,-21.6903],[-57.4244,-21.7182],[-57.4101,-21.7657],[-57.4831,-21.7906],[-57.4946,-21.7678],[-57.6152,-21.8418],[-57.595,-21.9351],[-57.6277,-22.0599],[-57.6014,-22.0794],[-57.588,-21.9963],[-57.5249,-22.0015],[-57.4414,-21.9444],[-57.5042,-22.0373],[-57.5103,-22.1358],[-57.4775,-22.1016],[-57.4827,-22.0544],[-57.359,-21.9608],[-57.3757,-21.8645],[-57.2901,-21.8865],[-57.2499,-21.9099],[-57.254,-21.9464],[-57.32,-21.9524],[-57.3305,-21.9814],[-57.2882,-22.0106],[-57.3776,-22.0298],[-57.359,-22.052],[-57.3822,-22.0894],[-57.2536,-22.042],[-57.2503,-22.0715],[-57.3792,-22.1292],[-57.3883,-22.1651],[-57.2128,-22.1197],[-57.182,-22.2012],[-57.1405,-22.1284],[-57.1479,-22.2341],[-57.2019,-22.211],[-57.2416,-22.2503],[-57.2927,-22.2188],[-57.3213,-22.2455],[-57.4481,-22.1875],[-57.5788,-22.177],[-57.6136,-22.0955],[-57.7072,-22.0906],[-57.7377,-22.1342],[-57.8042,-22.1513],[-57.8289,-22.1205],[-57.9293,-22.1224],[-57.9408,-22.0847],[-57.9925,-22.0913],[-58.0064,-22.0508],[-57.9639,-22.0008],[-57.9491,-21.9022],[-57.9133,-21.88],[-57.971,-21.8468],[-57.9144,-21.7924],[-57.9466,-21.7434],[-57.883,-21.6889],[-57.9341,-21.6519],[-57.9135,-21.5909],[-57.9673,-21.526],[-57.855,-21.3392],[-57.9222,-21.2815],[-57.8507,-21.2203],[-57.8684,-21.0418],[-57.8199,-20.9431],[-57.8623,-20.9486],[-57.929,-20.8986],[-57.8602,-20.8274],[-57.895,-20.7915],[-57.9616,-20.7897],[-57.9339,-20.7464],[-57.8637,-20.7422],[-57.9196,-20.665],[-57.986,-20.7022],[-57.9713,-20.6439],[-58.0134,-20.6135],[-58.0194,-20.5143],[-57.996,-20.4412],[-58.0849,-20.3731],[-58.0953,-20.256],[-58.1621,-20.2629],[-58.1229,-20.1956],[-58.168,-20.1723],[-57.9597,-20.0227],[-57.9028,-20.0426],[-57.86,-19.9708],[-58.1323,-19.7589],[-57.7847,-19.034],[-57.6948,-19.0114],[-57.7203,-18.8995],[-57.7671,-18.8997],[-57.5583,-18.2408],[-57.4544,-18.2316],[-57.5753,-18.1323],[-57.7211,-17.8283],[-57.6837,-17.8084],[-57.7761,-17.6575],[-57.7961,-17.5604],[-57.7527,-17.5649],[-57.8839,-17.45],[-57.9968,-17.516],[-58.0606,-17.4512],[-58.1188,-17.4508],[-58.152,-17.3851],[-58.2551,-17.353],[-58.396,-17.1849],[-58.3867,-17.1118],[-58.4258,-17.1125],[-58.4363,-17.0792],[-58.4235,-16.9897],[-58.4749,-16.9354],[-58.471,-16.7035],[-58.4365,-16.5928],[-58.3342,-16.4904],[-58.3574,-16.4282],[-58.3095,-16.3712],[-58.3074,-16.3106],[-58.3655,-16.251],[-58.2771,-16.1701],[-58.3247,-16.0936],[-58.2651,-16.0377],[-58.312,-16.0002],[-58.252,-16.0002],[-58.3012,-15.9084],[-57.9833,-15.5184],[-58.0606,-15.3935],[-58.0268,-15.3635],[-57.9891,-15.2108],[-57.92,-15.1664],[-57.921,-15.0039],[-57.8666,-14.8714],[-57.8993,-14.801],[-57.8363,-14.6901],[-57.8002,-14.7042],[-57.7503,-14.6502],[-57.7368,-14.6938],[-57.6446,-14.6984],[-57.6086,-14.7343],[-57.6493,-14.7399],[-57.6651,-14.8056],[-57.608,-14.7477],[-57.4356,-14.7356],[-57.3754,-14.6908],[-57.3047,-14.7008],[-57.2452,-14.6454],[-57.1428,-14.6569],[-57.0518,-14.5646],[-56.8776,-14.4948],[-56.8783,-14.4541],[-56.8417,-14.4325],[-56.714,-14.4947],[-56.7047,-14.4369],[-56.6655,-14.4412],[-56.6592,-14.5123],[-56.5291,-14.4594],[-56.5144,-14.485],[-56.5737,-14.5012],[-56.548,-14.5158],[-56.5709,-14.5396],[-56.5119,-14.539],[-56.5856,-14.5726],[-56.5612,-14.5981],[-56.6106,-14.6411],[-56.5735,-14.6429],[-56.7606,-14.7648],[-56.8406,-14.9527],[-56.9364,-15.0261],[-56.8546,-15.0067],[-56.6768,-14.8226],[-56.8233,-15.0518],[-56.8221,-15.1157],[-56.8947,-15.1007],[-56.9333,-15.1534],[-56.9636,-15.1506],[-56.9543,-15.1758],[-56.9834,-15.1566],[-56.9733,-15.1875],[-57.041,-15.1956],[-57.1091,-15.4611],[-57.2489,-15.6827],[-57.2967,-15.6747],[-57.2733,-15.5922],[-57.3391,-15.6811],[-57.3402,-15.7022],[-57.2987,-15.6787],[-57.2906,-15.7356],[-57.4316,-15.8476],[-57.4772,-15.7757],[-57.5802,-15.9362],[-57.6054,-16.0296],[-57.5857,-16.0644],[-57.7019,-16.247],[-57.685,-16.2971],[-57.7639,-16.5392],[-57.7575,-16.6105],[-57.714,-16.6443],[-57.6782,-16.5797],[-57.6579,-16.6962],[-57.6288,-16.559],[-57.6032,-16.5543],[-57.5911,-16.6134],[-57.4872,-16.5334],[-57.3932,-16.2084],[-57.3075,-16.1367],[-57.2629,-16.0079],[-57.0759,-15.8127],[-57.0592,-15.8877],[-57.1277,-16.0139],[-57.0975,-16.1248],[-57.0859,-16.0824],[-57.0463,-16.0757],[-57.0335,-16.0913],[-57.0823,-16.1068],[-57.0687,-16.1655],[-57.034,-16.1374],[-57.0616,-16.2008],[-57.0554,-16.2321],[-57.0457,-16.199],[-57.0179,-16.2258],[-57.0427,-16.1844],[-56.9687,-16.1313],[-56.9569,-16.1545],[-56.9579,-16.1243],[-56.9341,-16.1596],[-56.9125,-16.125],[-56.8885,-16.1369],[-56.9101,-16.0941],[-56.8731,-16.1219],[-56.892,-16.0613],[-56.8653,-16.0428],[-56.8296,-16.0656],[-56.8405,-16.0057],[-56.8042,-16.0284],[-56.8202,-16.071],[-56.8553,-16.1001],[-56.8166,-16.0928],[-56.7985,-16.1083],[-56.8322,-16.1008],[-56.8732,-16.1491],[-56.7972,-16.1862],[-56.8535,-16.1675],[-56.8532,-16.1726],[-56.867,-16.1695],[-56.8854,-16.1831],[-56.81,-16.2061],[-56.801,-16.2364],[-56.8332,-16.2097],[-56.8582,-16.2023],[-56.8261,-16.2304],[-56.8283,-16.2487],[-56.9036,-16.2009],[-56.8822,-16.3182],[-56.854,-16.2721],[-56.8079,-16.3367],[-56.7811,-16.2897],[-56.7694,-16.3436],[-56.7179,-16.3089],[-56.6982,-16.3465],[-56.6521,-16.3209],[-56.6121,-16.3428],[-56.6264,-16.3209],[-56.6097,-16.3033],[-56.5441,-16.3284],[-56.5803,-16.2455],[-56.638,-16.2211],[-56.5787,-16.2374],[-56.6026,-16.217],[-56.5618,-16.2014],[-56.5962,-16.1863],[-56.5801,-16.171],[-56.7053,-16.1497],[-56.7255,-16.1386],[-56.7244,-16.1311],[-56.6657,-16.1418],[-56.7276,-16.1084],[-56.5951,-16.139],[-56.6592,-16.0836],[-56.7195,-16.1001],[-56.716,-16.0706],[-56.6685,-16.0351],[-56.5521,-16.1694],[-56.5248,-16.1332],[-56.5571,-16.0822],[-56.5267,-16.1185],[-56.515,-16.0929],[-56.4689,-16.2045],[-56.4408,-16.1614],[-56.4704,-16.1533],[-56.4805,-16.0875],[-56.4403,-16.1238],[-56.4731,-16.0714],[-56.4348,-16.0801],[-56.4136,-16.0484],[-56.4798,-16.0133],[-56.508,-16.046],[-56.517,-16.0443],[-56.493,-16.0085],[-56.5424,-15.993],[-56.5278,-15.9716],[-56.562,-15.9448],[-56.5818,-15.9739],[-56.6111,-15.9868],[-56.5756,-15.9523],[-56.6336,-15.9685],[-56.7155,-15.9587],[-56.7012,-15.9177],[-56.7593,-15.9157],[-56.7412,-15.9029],[-56.7718,-15.8887],[-56.7173,-15.8967],[-56.6459,-15.9536],[-56.5704,-15.9479],[-56.6285,-15.8972],[-56.5611,-15.9332],[-56.6052,-15.8677],[-56.5652,-15.8897],[-56.5684,-15.8423],[-56.5562,-15.9397],[-56.5226,-15.9589],[-56.5223,-15.9357],[-56.4753,-15.9895],[-56.4761,-15.9632],[-56.4554,-15.9277],[-56.4712,-15.9899],[-56.414,-16.0297],[-56.3912,-16.0208],[-56.4288,-15.9703],[-56.4322,-15.9523],[-56.3848,-16.0168],[-56.3768,-15.9495],[-56.3429,-15.9811],[-56.3392,-15.954],[-56.3248,-15.9362],[-56.3583,-16.0413],[-56.3072,-15.9678],[-56.2717,-15.9628],[-56.1924,-16.0461],[-56.1692,-16.0154],[-56.2324,-15.9246],[-56.2201,-15.8363],[-56.3076,-15.8637],[-56.3064,-15.8283],[-56.2554,-15.8035],[-56.2676,-15.7725],[-56.2157,-15.7607],[-56.1668,-15.691],[-56.1252,-15.6961],[-56.1113,-15.6161],[-56.0745,-15.6351],[-56.0369,-15.5921],[-56.0409,-15.6216],[-55.9837,-15.5857],[-56.0093,-15.6284],[-56.0595,-15.6292],[-56.0372,-15.6468],[-56.0648,-15.6493],[-56.0762,-15.703],[-55.9883,-15.6165],[-55.9697,-15.633],[-55.9272,-15.4576],[-55.8928,-15.4571],[-55.8588,-15.5052],[-55.6952,-15.5036],[-55.6187,-15.5482],[-55.6335,-15.5719],[-55.5979,-15.5687],[-55.6061,-15.6115],[-55.5478,-15.6271],[-55.6937,-15.7408],[-55.7161,-15.6782],[-55.8078,-15.7615],[-55.7903,-15.6962],[-55.8175,-15.7261],[-55.8703,-15.7066],[-55.818,-15.7265],[-55.8981,-15.7536],[-55.8609,-15.7591],[-55.8921,-15.7701],[-55.9049,-15.7886],[-55.8809,-15.7761],[-55.8995,-15.8289],[-55.8755,-15.8085],[-55.8633,-15.8109],[-55.8998,-15.8387],[-55.8847,-15.8568],[-55.7786,-15.7624],[-55.709,-15.7401],[-55.6638,-15.761],[-55.8726,-15.9681],[-55.7434,-15.9069],[-55.7654,-15.983],[-55.7273,-15.9606],[-55.8011,-16.0673],[-55.9385,-16.179],[-55.9215,-16.1405],[-55.976,-16.2338],[-55.9294,-16.1995],[-55.9494,-16.2513],[-55.9286,-16.2362],[-55.6971,-15.9528],[-55.6599,-15.9398],[-55.6379,-15.9697],[-55.613,-15.9259],[-55.6387,-16.0007],[-55.582,-15.9463],[-55.5964,-15.9963],[-55.544,-16.0007],[-55.7316,-16.1279],[-55.7017,-16.1395],[-55.7095,-16.166],[-55.7333,-16.1532],[-55.8106,-16.2954],[-55.828,-16.2999],[-55.8413,-16.3275],[-55.786,-16.287],[-55.7326,-16.212],[-55.7483,-16.2741],[-55.6709,-16.2347],[-55.6692,-16.1484],[-55.5743,-16.1161],[-55.5616,-16.1482],[-55.5262,-16.1459],[-55.4801,-16.067],[-55.441,-16.0558],[-55.4094,-16.0839],[-55.451,-16.0842],[-55.4411,-16.1511],[-55.5734,-16.2747],[-55.5373,-16.2679],[-55.5652,-16.3161],[-55.5309,-16.3022],[-55.529,-16.3351],[-55.485,-16.3156],[-55.4068,-16.3536],[-55.3791,-16.3792],[-55.3943,-16.4154],[-55.3262,-16.4531],[-55.3471,-16.4753],[-55.3014,-16.4784],[-55.337,-16.5514],[-55.3185,-16.5739],[-55.2861,-16.5543],[-55.3042,-16.5897],[-55.2774,-16.608],[-55.3301,-16.6561],[-55.2434,-16.6042],[-55.2684,-16.5509],[-54.972,-16.5556],[-54.968,-16.6252],[-55.011,-16.6783],[-54.9576,-16.7219],[-54.9651,-16.7774],[-54.9282,-16.7913],[-54.96,-16.9637],[-54.9174,-17.0355],[-54.9502,-17.0639],[-54.9147,-17.128],[-54.9901,-17.2149],[-54.9851,-17.2375],[-54.9485,-17.207],[-54.9995,-17.2737],[-54.9353,-17.2924],[-54.9305,-17.3608],[-54.9888,-17.4139],[-55.0092,-17.5123],[-54.9851,-17.5393],[-54.9643,-17.5236],[-54.9592,-17.6447],[-54.9212,-17.6447],[-54.9353,-17.753],[-54.8884,-17.8256],[-54.9051,-17.9395],[-54.8806,-17.9555],[-54.8741,-17.9185],[-54.8328,-17.9929],[-54.7643,-17.9814],[-54.8192,-18.0412],[-54.8146,-18.0908],[-54.8347,-18.064],[-54.8595,-18.0796],[-54.841,-18.1322],[-54.8675,-18.1848],[-54.8403,-18.2077],[-54.875,-18.2134],[-54.8572,-18.2754],[-54.9116,-18.3395],[-54.8816,-18.4597],[-54.9775,-18.7056],[-54.9754,-18.8197],[-55.0688,-18.9593],[-55.1004,-19.0908],[-55.0775,-19.1247],[-55.1057,-19.1253],[-55.0923,-19.1943],[-55.1112,-19.1759],[-55.1277,-19.1985],[-55.1777,-19.3173],[-55.1554,-19.3216],[-55.4458,-19.8667],[-55.432,-19.8938],[-55.4076,-19.88],[-55.4101,-19.9103],[-55.546,-19.9898],[-55.6121,-20.064],[-55.5909,-20.1017],[-55.686,-20.0764],[-55.697,-20.1131],[-55.664,-20.1407],[-55.6985,-20.1522],[-55.6439,-20.2],[-55.7208,-20.1779],[-55.725,-20.2596],[-55.796,-20.3228],[-55.7608,-20.3537],[-55.8395,-20.4103],[-55.8302,-20.473],[-55.8692,-20.4182],[-55.9077,-20.4808],[-55.9881,-20.4655],[-55.9878,-20.425],[-56.0217,-20.42],[-56.0063,-20.3023],[-56.0809,-20.3503],[-56.0562,-20.3064],[-56.1184,-20.3074],[-56.067,-20.2835],[-56.1168,-20.2528],[-56.0481,-20.2631],[-56.1103,-20.2102],[-56.0507,-20.2059],[-56.053,-20.0806],[-56.1224,-20.1808],[-56.1119,-20.0893],[-56.1253,-20.0806],[-56.151,-20.2345],[-56.1777,-20.1528],[-56.153,-20.1123],[-56.204,-20.0652],[-56.2108,-19.8577],[-56.283,-19.8548],[-56.3159,-19.8988],[-56.2395,-19.9684],[-56.2577,-20.0009],[-56.1715,-20.2194],[-56.1692,-20.252],[-56.1969,-20.1939],[-56.2078,-20.2268],[-56.2332,-20.1857],[-56.2281,-20.2662],[-56.1762,-20.2949],[-56.1995,-20.3092],[-56.271,-20.2652],[-56.2538,-20.2157],[-56.3011,-20.2079],[-56.2565,-20.1949],[-56.2647,-20.1156],[-56.3061,-20.1456],[-56.3361,-20.1162],[-56.2796,-20.0822],[-56.3163,-19.9447],[-56.4626,-19.8641],[-56.4155,-19.9258],[-56.4265,-20.0132],[-56.3929,-20.0088],[-56.5024,-20.086],[-56.4678,-20.127],[-56.3719,-20.0709],[-56.4529,-20.1935],[-56.3415,-20.2846],[-56.3956,-20.2859],[-56.3508,-20.3179],[-56.3872,-20.3689],[-56.3024,-20.3432],[-56.3197,-20.3893],[-56.3898,-20.4239],[-56.3623,-20.4714],[-56.3284,-20.4516],[-56.3295,-20.487],[-56.2897,-20.4864],[-56.2671,-20.4461],[-56.2752,-20.5124],[-56.3543,-20.5135],[-56.3267,-20.5554],[-56.3045,-20.5443],[-56.2502,-20.6463],[-56.3143,-20.6782],[-56.2924,-20.6278],[-56.3427,-20.6274],[-56.3567,-20.5455],[-56.4146,-20.5471],[-56.4181,-20.4705],[-56.4627,-20.5026],[-56.4891,-20.4247],[-56.425,-20.356],[-56.4367,-20.3143],[-56.4755,-20.3698],[-56.4767,-20.3431],[-56.6018,-20.3669],[-56.4828,-20.2936],[-56.4882,-20.2345],[-56.6003,-20.2723],[-56.6393,-20.3161],[-56.6454,-20.3633],[-56.6088,-20.3911],[-56.6301,-20.4464],[-56.6581,-20.3985],[-56.6889,-20.3929],[-56.6875,-20.4251],[-56.721,-20.4011],[-56.7938,-20.413],[-56.7764,-20.6773],[-56.8282,-20.5656],[-56.8141,-20.4887],[-56.8748,-20.3167],[-56.7789,-20.3837],[-56.7313,-20.3789],[-56.6624,-20.2095],[-56.5355,-20.2042],[-56.5357,-20.1675],[-56.6395,-20.1358],[-56.6467,-20.0721],[-56.6942,-20.125],[-56.7624,-20.1047],[-56.764,-20.0407],[-56.8244,-20.0748],[-56.751,-19.9704],[-56.7543,-19.8857],[-56.7279,-19.8677],[-56.9397,-19.8017],[-56.973,-19.7591],[-57.0395,-19.7783],[-57.0409,-19.8075],[-57.0761,-19.7971],[-57.0554,-19.7816],[-57.0976,-19.8006],[-57.2016,-19.918],[-57.2209,-19.8973],[-57.2673,-19.9272],[-57.3636,-20.0677],[-57.1615,-20.0984],[-57.1871,-20.1275],[-57.1701,-20.1517],[-57.0929,-20.109],[-57.0546,-20.1747],[-57.1229,-20.2817],[-57.307,-20.2963],[-57.2592,-20.4425],[-57.2351,-20.3557],[-57.1486,-20.3629],[-57.2112,-20.417],[-57.12,-20.4302],[-57.0754,-20.3674],[-57.1063,-20.3411],[-57.0684,-20.3062],[-57.0958,-20.2719],[-57.0444,-20.2764],[-57.0306,-20.2172],[-56.9947,-20.2405],[-57.0144,-20.2847],[-56.9874,-20.3016],[-57.0116,-20.3167],[-56.9697,-20.3132],[-57.1392,-20.4585],[-57.2072,-20.4495],[-57.2535,-20.4832],[-57.2439,-20.5307],[-57.1636,-20.5166],[-57.1076,-20.5748],[-57.2096,-20.5437],[-57.2254,-20.7999],[-57.2826,-20.8194],[-57.2933,-20.6817],[-57.2258,-20.5735],[-57.2632,-20.5607],[-57.2721,-20.4977],[-57.4892,-20.5878],[-57.5118,-20.6224]]]}},{"type":"Feature","properties":{"nome":"Tucano Norte","situacao":"Terrestre"},"geometry":{"type":"Polygon","coordinates":[[[-38.5235,-8.9708],[-38.5111,-9.0244],[-38.4562,-9.067],[-38.3862,-9.0654],[-38.3823,-9.0332],[-38.3487,-9.0727],[-38.3815,-9.099],[-38.3417,-9.1657],[-38.4092,-9.2079],[-38.3734,-9.2506],[-38.4017,-9.2507],[-38.345,-9.2886],[-38.3613,-9.4355],[-38.2979,-9.5361],[-38.296,-9.602],[-38.1163,-9.5921],[-38.086,-9.6061],[-38.0925,-9.6545],[-38.0767,-9.6268],[-37.9097,-9.6518],[-37.9692,-9.7041],[-38.1227,-9.7394],[-38.1887,-9.8448],[-38.073,-9.8275],[-38.0544,-9.8964],[-38.018,-9.8776],[-38.0074,-9.9236],[-37.9742,-9.908],[-37.9701,-9.9612],[-38.015,-10.0005],[-38.0436,-9.9716],[-38.0805,-9.9989],[-38.0797,-9.9316],[-38.1144,-9.9034],[-38.1411,-9.9847],[-38.1578,-9.9313],[-38.2064,-9.9121],[-38.2359,-9.955],[-38.2589,-9.9406],[-38.2479,-10.0007],[-38.3781,-10.0041],[-38.4108,-10.034],[-38.5454,-9.9937],[-38.5523,-9.9498],[-38.7279,-9.8852],[-38.8436,-9.9461],[-38.875,-9.9845],[-38.8545,-10.0158],[-38.9067,-9.9887],[-38.9795,-10.0113],[-39.0748,-9.9662],[-39.0787,-9.9212],[-38.9922,-9.856],[-39.0004,-9.8045],[-38.8848,-9.6912],[-38.9019,-9.6559],[-38.9364,-9.692],[-38.9726,-9.6084],[-38.9386,-9.5787],[-38.9291,-9.6105],[-38.8925,-9.6018],[-38.8619,-9.6349],[-38.8722,-9.5914],[-38.8364,-9.622],[-38.8346,-9.5763],[-38.8053,-9.5647],[-38.8489,-9.5417],[-38.8537,-9.4178],[-38.8058,-9.3867],[-38.8397,-9.252],[-38.882,-9.2119],[-38.8455,-9.1814],[-38.9175,-9.2197],[-38.9566,-9.1764],[-38.9185,-9.2007],[-38.9209,-9.1659],[-38.8537,-9.1692],[-38.9233,-9.1371],[-38.863,-9.1064],[-39.0195,-8.906],[-38.9249,-8.9345],[-38.9337,-8.9],[-38.8865,-8.9111],[-38.8919,-8.8908],[-38.8267,-8.8775],[-38.828,-8.9048],[-38.8095,-8.9072],[-38.8172,-8.867],[-38.7775,-8.8737],[-38.7753,-8.8504],[-38.7273,-8.8992],[-38.7177,-8.8659],[-38.677,-8.9906],[-38.5235,-8.9708]]]}},{"type":"Feature","properties":{"nome":"Foz do Amazonas_Terra","situacao":"Terrestre"},"geometry":{"type":"Polygon","coordinates":[[[-50.913,2.516],[-50.9906,2.602],[-51.0329,2.8011],[-51.0971,2.9357],[-51.0866,3.0255],[-51.1641,3.1209],[-51.2625,3.1281],[-51.2621,3.1783],[-51.3377,3.2129],[-51.3494,3.463],[-51.4104,3.5365],[-51.5372,3.6],[-51.4833,3.6516],[-51.4971,3.7162],[-51.7007,3.699],[-51.7223,3.7238],[-51.6983,3.7603],[-51.6131,3.7476],[-51.5401,3.7903],[-51.5811,3.9277],[-51.5569,3.8908],[-51.4942,3.9003],[-51.4928,3.9493],[-51.5425,3.9383],[-51.6663,4.0279],[-51.5408,4.4298],[-51.4281,4.3733],[-51.2524,4.1911],[-51.1853,4.0504],[-51.1794,3.9445],[-51.076,3.8903],[-51.091,3.4465],[-51.0225,3.2077],[-51.0362,3.1368],[-50.9426,2.803],[-50.9024,2.7943],[-50.8831,2.6854],[-50.8414,2.6384],[-50.8553,2.4904],[-50.8032,2.5078],[-50.7652,2.4477],[-50.6828,2.1727],[-50.7029,2.1378],[-50.5224,2.208],[-50.4386,2.1928],[-50.3528,2.0865],[-50.2385,1.8028],[-50.0921,1.7911],[-49.9154,1.6952],[-49.8766,1.4805],[-49.9108,1.2962],[-49.894,1.1927],[-49.9464,1.0924],[-50.0346,1.0678],[-50.1199,0.9654],[-50.2834,0.8734],[-50.3516,0.7298],[-50.467,0.6439],[-50.5915,0.4093],[-50.7782,0.1969],[-50.8974,0.1868],[-50.9902,0.1328],[-51.0976,-0.052],[-51.3378,-0.064],[-51.5132,0.0706],[-51.5558,0.1904],[-51.4805,0.3797],[-51.3478,0.3748],[-51.3202,0.4341],[-51.2188,0.3783],[-51.2119,0.4258],[-51.3124,0.5644],[-51.3983,0.5684],[-51.4616,0.6087],[-51.511,0.5845],[-51.6142,0.6276],[-51.4899,0.6613],[-51.4219,0.7175],[-51.4313,0.8027],[-51.4037,0.846],[-51.3004,0.7922],[-51.121,0.9138],[-51.0241,1.0849],[-50.9411,1.3857],[-50.8767,1.4288],[-50.906,1.448],[-50.874,1.4486],[-50.8738,1.4949],[-50.9246,1.5184],[-50.8858,1.6996],[-50.9042,1.7209],[-50.8745,1.7654],[-50.7801,1.7953],[-50.7606,1.8876],[-50.7942,1.9519],[-50.7528,1.9946],[-50.7807,2.0433],[-50.7674,2.1248],[-50.8251,2.1598],[-50.8088,2.2351],[-50.8878,2.3174],[-50.9246,2.3187],[-50.8923,2.3632],[-50.934,2.5159],[-50.913,2.516]]]}},{"type":"Feature","properties":{"nome":"Recôncavo_Mar","situacao":"Marítima"},"geometry":{"type":"Polygon","coordinates":[[[-38.5334,-13.0082],[-38.6665,-13.0373],[-38.6061,-12.9595],[-38.6854,-12.8779],[-38.6686,-12.9601],[-38.7243,-13.027],[-38.7325,-13.0142],[-38.7461,-13.0326],[-38.7624,-13.0391],[-38.7697,-13.0375],[-38.7525,-13.0138],[-38.783,-12.9767],[-38.7416,-12.8902],[-38.8153,-12.8424],[-38.7499,-12.7579],[-38.7587,-12.7118],[-38.728,-12.6782],[-38.7491,-12.6399],[-38.7292,-12.657],[-38.7127,-12.5945],[-38.6942,-12.6652],[-38.6882,-12.6252],[-38.6424,-12.6411],[-38.6219,-12.7507],[-38.6595,-12.7759],[-38.6427,-12.8136],[-38.576,-12.7101],[-38.5326,-12.7246],[-38.5367,-12.7945],[-38.4985,-12.7281],[-38.4899,-12.7893],[-38.4556,-12.7498],[-38.4245,-12.7715],[-38.4484,-12.7681],[-38.4579,-12.8156],[-38.5011,-12.7889],[-38.4803,-12.9047],[-38.4955,-12.9401],[-38.4975,-12.9119],[-38.5191,-12.9262],[-38.5334,-13.0082]]]}},{"type":"Feature","properties":{"nome":"Iguatu","situacao":"Terrestre"},"geometry":{"type":"Polygon","coordinates":[[[-39.0367,-6.2596],[-39.138,-6.3961],[-39.1891,-6.4152],[-39.1965,-6.3917],[-39.3867,-6.4679],[-39.4491,-6.4603],[-39.4546,-6.4173],[-39.4859,-6.4325],[-39.3939,-6.3566],[-39.4192,-6.3491],[-39.387,-6.3424],[-39.4015,-6.3058],[-39.374,-6.3253],[-39.3167,-6.2937],[-39.278,-6.2644],[-39.3256,-6.2747],[-39.34,-6.2643],[-39.29,-6.2379],[-39.261,-6.2572],[-39.2388,-6.2139],[-39.2366,-6.251],[-39.2138,-6.1872],[-39.0685,-6.119],[-39.0587,-6.1502],[-39.0281,-6.1309],[-39.0367,-6.2596]]]}},{"type":"Feature","properties":{"nome":"Solimões","situacao":"Terrestre"},"geometry":{"type":"MultiPolygon","coordinates":[[[[-65.923,-0.334],[-65.9229,-0.3339],[-65.9235,-0.3348],[-65.923,-0.334]]],[[[-67.4696,-10.462],[-69.1523,-9.4836],[-69.7984,-9.0439],[-69.9436,-8.9113],[-70.2293,-8.7463],[-70.9372,-8.1534],[-71.5961,-7.4485],[-72.032,-6.8764],[-72.2453,-6.6613],[-72.8435,-5.8604],[-72.9827,-5.7204],[-72.9662,-5.4983],[-72.8725,-5.2995],[-72.8875,-5.167],[-72.7366,-5.0643],[-72.6318,-5.0522],[-72.6089,-4.9958],[-72.524,-4.9372],[-72.4838,-4.9538],[-72.4663,-4.8966],[-72.4353,-4.9116],[-72.3878,-4.8725],[-72.3737,-4.8076],[-72.3227,-4.7781],[-72.2736,-4.7961],[-72.1291,-4.7236],[-72.0412,-4.6235],[-72.0078,-4.6419],[-71.9473,-4.6052],[-71.8847,-4.5164],[-71.763,-4.5039],[-71.7503,-4.4728],[-71.7167,-4.5125],[-71.6557,-4.5085],[-71.6211,-4.4705],[-71.6359,-4.5195],[-71.606,-4.534],[-71.5392,-4.4677],[-71.4965,-4.4877],[-71.5111,-4.4486],[-71.4195,-4.4665],[-71.3555,-4.4283],[-71.3162,-4.4589],[-71.3256,-4.4219],[-71.2682,-4.429],[-71.2797,-4.3883],[-71.2321,-4.4081],[-71.2087,-4.3801],[-71.203,-4.4263],[-71.1553,-4.3834],[-71.1192,-4.4108],[-71.102,-4.3777],[-70.9972,-4.3848],[-70.9983,-4.3455],[-70.9445,-4.3862],[-70.8096,-4.1838],[-70.7604,-4.1603],[-70.6824,-4.2001],[-70.6548,-4.1275],[-70.6253,-4.1321],[-70.6263,-4.1931],[-70.5506,-4.1375],[-70.5047,-4.1975],[-70.4408,-4.1345],[-70.3771,-4.1421],[-70.3421,-4.1872],[-70.3273,-4.1466],[-70.2936,-4.1768],[-70.2996,-4.2911],[-70.2568,-4.278],[-70.2681,-4.3123],[-70.2178,-4.3194],[-70.2003,-4.3667],[-70.1536,-4.3359],[-70.1594,-4.2848],[-70.109,-4.2648],[-70.0449,-4.3527],[-69.9821,-4.3278],[-69.9363,-4.2168],[-69.4585,-1.4938],[-69.401,-1.3711],[-69.4323,-1.2334],[-69.3967,-1.133],[-69.4444,-1.037],[-69.4226,-1.0008],[-69.4652,-0.9846],[-69.3721,-0.9099],[-68.9531,-0.7894],[-68.6631,-0.7739],[-68.5943,-0.7426],[-68.4249,-0.7699],[-68.2207,-0.6894],[-67.9919,-0.7142],[-67.8438,-0.6332],[-67.778,-0.5309],[-67.6933,-0.54],[-67.6683,-0.4527],[-67.5395,-0.3723],[-67.5087,-0.3819],[-67.4688,-0.3142],[-67.3068,-0.2628],[-67.2029,-0.2837],[-67.211,-0.429],[-67.1676,-0.3699],[-67.0996,-0.3829],[-67.1824,-0.4404],[-67.1993,-0.5269],[-67.1224,-0.4792],[-66.9399,-0.6056],[-66.8299,-0.4984],[-66.7638,-0.5742],[-66.7689,-0.6854],[-66.8226,-0.7244],[-66.796,-0.7654],[-66.9026,-0.8449],[-66.8692,-0.9173],[-66.9749,-0.945],[-66.9789,-0.9926],[-66.9161,-1.0233],[-66.8519,-0.9549],[-66.7966,-0.9804],[-66.7303,-0.95],[-66.693,-0.9901],[-66.6262,-0.9891],[-66.6246,-1.0392],[-66.5638,-1.0399],[-66.516,-0.8494],[-66.5997,-0.8807],[-66.6141,-0.8491],[-66.5051,-0.7525],[-66.5408,-0.6539],[-66.4838,-0.6136],[-66.4591,-0.4721],[-66.4285,-0.4586],[-66.3485,-0.5278],[-66.2926,-0.5275],[-66.317,-0.4788],[-66.2614,-0.4616],[-66.3384,-0.4183],[-66.1341,-0.3299],[-66.0195,-0.3645],[-65.933,-0.3489],[-65.7961,-0.2907],[-65.7295,-0.3406],[-65.5468,-0.3443],[-65.5357,-0.3758],[-65.453,-0.3506],[-65.4402,-0.3035],[-65.471,-0.2817],[-65.3959,-0.1589],[-65.4315,-0.1033],[-65.4445,0.1086],[-65.4315,0.1448],[-65.3829,0.1143],[-65.3102,0.1422],[-65.3017,-0.0124],[-65.3462,-0.0107],[-65.3445,-0.1015],[-65.3903,-0.1433],[-65.3709,-0.1647],[-65.4009,-0.2323],[-65.2943,-0.202],[-65.1791,-0.2607],[-65.1373,-0.2071],[-65.1877,-0.1528],[-65.1681,-0.1218],[-65.2261,-0.1371],[-65.1827,-0.089],[-65.2331,-0.0964],[-65.1929,-0.0308],[-65.1003,-0.0827],[-65.0466,-0.0025],[-64.9366,-0.0115],[-64.9249,-0.2652],[-64.971,-0.3075],[-64.9891,-0.2064],[-65.0527,-0.2417],[-65.008,-0.3239],[-65.0233,-0.3623],[-64.9418,-0.3672],[-64.9326,-0.447],[-64.8755,-0.4672],[-64.6787,-0.4469],[-64.5624,-0.4138],[-64.5455,-0.3782],[-63.8325,-1.1572],[-63.1805,-1.8119],[-62.6114,-2.5998],[-62.3335,-3.1151],[-62.0946,-4.4459],[-62.0261,-4.6086],[-61.6657,-5.2539],[-61.4424,-5.5328],[-61.0813,-6.0792],[-60.6546,-6.5159],[-60.7173,-6.5772],[-60.7089,-6.5419],[-60.7493,-6.5597],[-60.7829,-6.5288],[-60.7827,-6.5849],[-60.8104,-6.5312],[-60.8413,-6.6553],[-60.8737,-6.5937],[-60.9222,-6.6568],[-60.8892,-6.5834],[-60.9101,-6.5541],[-60.9407,-6.5699],[-60.987,-6.8036],[-60.945,-6.8814],[-60.9802,-6.918],[-60.9758,-6.9721],[-60.9235,-7.0372],[-60.9378,-7.3951],[-60.8632,-7.4355],[-60.8347,-7.4082],[-60.8043,-7.4559],[-60.8267,-7.3132],[-60.803,-7.2164],[-60.7235,-7.219],[-60.6525,-7.3203],[-60.6748,-7.5682],[-60.693,-7.545],[-60.7693,-7.5983],[-60.7713,-7.6349],[-60.8335,-7.646],[-60.8332,-7.5577],[-60.7871,-7.5268],[-60.8313,-7.4754],[-60.9255,-7.4825],[-60.9107,-7.5469],[-61.0053,-7.5293],[-60.9681,-7.575],[-60.9906,-7.6085],[-60.9087,-7.6489],[-60.9499,-7.6833],[-60.9256,-7.7239],[-60.9882,-7.7781],[-61.0153,-7.9769],[-61.0714,-8.0122],[-61.1413,-7.8691],[-61.3684,-7.6751],[-61.409,-7.6904],[-61.5027,-7.6301],[-61.6162,-7.6981],[-61.6076,-7.634],[-61.4817,-7.5383],[-61.3759,-7.5341],[-61.3894,-7.4204],[-61.3237,-7.4594],[-61.2828,-7.4247],[-61.2774,-7.3449],[-61.2082,-7.4442],[-61.1307,-7.4227],[-61.1892,-7.38],[-61.1726,-7.3439],[-61.2265,-7.3661],[-61.2105,-7.2736],[-61.1787,-7.3115],[-61.1252,-7.2864],[-61.128,-7.2353],[-61.1509,-7.2206],[-61.1675,-7.252],[-61.1929,-7.1595],[-61.1585,-7.1317],[-61.1268,-7.1657],[-61.0867,-7.1021],[-61.1273,-7.1145],[-61.1077,-7.0617],[-61.1558,-7.0875],[-61.1822,-7.0339],[-61.1466,-6.9478],[-61.0815,-6.9081],[-61.1118,-6.8367],[-61.086,-6.7808],[-61.2479,-6.7551],[-61.3679,-6.6441],[-61.3818,-6.7032],[-61.4612,-6.7674],[-61.4667,-6.8242],[-61.4072,-6.8946],[-61.377,-7.0241],[-61.3968,-7.0418],[-61.4423,-6.9737],[-61.432,-7.0998],[-61.4737,-6.9264],[-61.5373,-6.9539],[-61.5601,-7.015],[-61.5034,-7.1685],[-61.5291,-7.1481],[-61.5357,-7.2457],[-61.5967,-7.2757],[-61.5493,-7.3496],[-61.5781,-7.3595],[-61.6519,-7.3041],[-61.721,-7.3392],[-61.8048,-7.2987],[-61.806,-7.3795],[-61.8657,-7.4348],[-61.8365,-7.4967],[-61.942,-7.6624],[-62.1413,-7.7999],[-62.1298,-7.721],[-62.2132,-7.643],[-62.2797,-7.761],[-62.2878,-7.8698],[-62.2402,-8.0097],[-62.1442,-7.9267],[-62.073,-7.9076],[-62.0205,-7.9394],[-62.029,-8.015],[-61.834,-8.0911],[-62.0504,-8.1621],[-61.9987,-8.2493],[-62.0542,-8.3131],[-62.0383,-8.3634],[-62.083,-8.5866],[-62.157,-8.628],[-62.1181,-8.7905],[-62.0629,-8.8228],[-62.0815,-8.8941],[-62.0484,-8.9141],[-62.0881,-8.9848],[-62.1754,-9.0571],[-62.2152,-9.0502],[-62.2187,-9.0015],[-62.311,-8.8817],[-62.3048,-8.7895],[-62.3685,-8.7144],[-62.4049,-8.7117],[-62.3952,-8.6691],[-62.4454,-8.655],[-62.4359,-8.7515],[-62.5042,-8.7747],[-62.508,-8.7243],[-62.5539,-8.7312],[-62.5743,-8.6618],[-62.616,-8.6609],[-62.6521,-8.7817],[-62.5601,-8.7675],[-62.5415,-8.8375],[-62.5649,-8.8954],[-62.5333,-8.944],[-62.4937,-8.9445],[-62.4951,-9.0392],[-62.4474,-9.1402],[-62.4708,-9.1545],[-62.5289,-9.0112],[-62.555,-9.0963],[-62.5357,-9.197],[-62.5728,-9.2018],[-62.5964,-9.1332],[-62.5665,-9.0426],[-62.6397,-8.9878],[-62.701,-8.841],[-62.7914,-8.773],[-62.8489,-8.667],[-62.8359,-8.583],[-62.8695,-8.5724],[-62.8983,-8.59],[-62.8964,-8.6795],[-62.8093,-8.783],[-62.8097,-8.8363],[-62.8384,-8.8972],[-62.9347,-8.9084],[-63.0418,-8.9981],[-63.1414,-8.8626],[-63.1151,-8.8205],[-63.1521,-8.7264],[-63.0622,-8.6711],[-63.0446,-8.6011],[-63.0489,-8.5521],[-63.0978,-8.55],[-63.116,-8.5166],[-63.2478,-8.7294],[-63.3362,-8.773],[-63.3945,-8.7352],[-63.4868,-8.75],[-63.5458,-8.8449],[-63.5268,-8.894],[-63.5638,-8.9111],[-63.6239,-8.867],[-63.6311,-8.8111],[-63.7683,-8.8476],[-63.8724,-8.7976],[-63.9464,-8.8097],[-63.9832,-8.7659],[-64.059,-8.7871],[-64.1032,-8.901],[-64.0821,-8.9597],[-64.2896,-9.0349],[-64.3258,-9.1406],[-64.4104,-9.208],[-64.4272,-9.2572],[-64.385,-9.2997],[-64.4439,-9.3132],[-64.4473,-9.3599],[-64.3264,-9.3752],[-64.275,-9.4216],[-64.3604,-9.5292],[-64.3374,-9.5552],[-64.2807,-9.5232],[-64.2169,-9.5322],[-64.1235,-9.603],[-64.0695,-9.6074],[-64.0288,-9.6827],[-64.0817,-9.7411],[-64.0765,-9.8202],[-64.1554,-9.8208],[-64.2053,-9.7664],[-64.3003,-9.8828],[-64.3304,-9.857],[-64.3826,-9.8997],[-64.4491,-9.8938],[-64.4686,-9.8422],[-64.5599,-9.8553],[-64.5456,-9.7391],[-64.6072,-9.6727],[-64.6442,-9.7185],[-64.6546,-9.8789],[-64.7545,-9.8834],[-64.7906,-9.9167],[-64.7817,-9.9599],[-64.8458,-9.9419],[-64.8421,-10.0211],[-64.891,-9.9964],[-64.9294,-10.0519],[-64.9726,-9.9738],[-65.1089,-9.9184],[-65.1617,-9.7893],[-65.3056,-9.8182],[-65.358,-9.7074],[-65.4481,-9.6503],[-65.3253,-9.5112],[-65.1832,-9.5456],[-65.1177,-9.5959],[-64.9981,-9.5551],[-64.9013,-9.5729],[-64.8652,-9.5318],[-64.8979,-9.5137],[-64.8784,-9.4819],[-64.8157,-9.4637],[-64.8478,-9.3593],[-64.7488,-9.3527],[-64.7142,-9.2677],[-64.754,-9.246],[-64.7506,-9.2056],[-64.6527,-9.1731],[-64.6439,-9.0824],[-64.7189,-9.0502],[-64.758,-8.9253],[-64.8383,-8.9821],[-64.9181,-8.9524],[-64.9814,-8.9803],[-64.9939,-9.022],[-64.9287,-9.071],[-64.9999,-9.0839],[-65.0118,-9.1478],[-64.9543,-9.2265],[-65.0589,-9.2429],[-65.0599,-9.1909],[-65.1159,-9.1937],[-65.1493,-9.1523],[-65.1032,-9.1181],[-65.102,-9.0306],[-65.182,-9.0275],[-65.1352,-8.9122],[-65.2173,-8.8957],[-65.3308,-8.7859],[-65.4472,-8.7295],[-65.5854,-8.7846],[-65.5909,-8.7306],[-65.5281,-8.7043],[-65.562,-8.6118],[-65.6147,-8.6767],[-65.5982,-8.6981],[-65.6544,-8.7256],[-65.646,-8.8187],[-65.7545,-8.8784],[-65.8209,-9.0667],[-65.8921,-9.1046],[-65.9558,-9.1978],[-66.0254,-9.2222],[-66.0372,-9.0921],[-66.1351,-9.0378],[-66.143,-8.996],[-66.0675,-8.9484],[-66.1008,-8.9149],[-66.0878,-8.8544],[-66.013,-8.8526],[-66.0178,-8.8909],[-65.9711,-8.9005],[-65.9395,-8.8397],[-65.974,-8.8229],[-65.9887,-8.8498],[-66.2146,-8.7631],[-66.1203,-8.7306],[-65.9723,-8.7498],[-65.9375,-8.7116],[-65.9561,-8.6695],[-65.9289,-8.6046],[-65.9505,-8.5732],[-66.0185,-8.5773],[-66.0029,-8.4903],[-66.0488,-8.3941],[-66.0911,-8.4072],[-66.1823,-8.3671],[-66.2381,-8.3864],[-66.2978,-8.4502],[-66.331,-8.5549],[-66.3889,-8.602],[-66.4036,-8.6721],[-66.2758,-8.7246],[-66.224,-8.785],[-66.2689,-8.7701],[-66.295,-8.8145],[-66.241,-8.8369],[-66.223,-8.9505],[-66.3373,-8.9426],[-66.3554,-8.9775],[-66.3887,-8.9612],[-66.4633,-9.0022],[-66.5265,-9.1301],[-66.5109,-9.2312],[-66.563,-9.262],[-66.5378,-9.2956],[-66.71,-9.4312],[-66.6257,-9.4913],[-66.6243,-9.5521],[-66.5284,-9.5132],[-66.4806,-9.5418],[-66.4533,-9.4892],[-66.3831,-9.5319],[-66.3293,-9.523],[-66.2928,-9.5055],[-66.2968,-9.4635],[-66.2432,-9.4747],[-66.2244,-9.5193],[-66.1552,-9.4937],[-66.0892,-9.5221],[-66.1053,-9.5696],[-66.0232,-9.6467],[-66.064,-9.7265],[-66.0014,-9.7957],[-66.0248,-9.8126],[-66.0717,-9.7847],[-66.0942,-9.8144],[-66.1008,-9.7851],[-66.1527,-9.786],[-66.2043,-9.835],[-66.2383,-9.815],[-66.3511,-9.8411],[-66.4269,-9.9],[-66.4365,-9.8664],[-66.6206,-9.8944],[-66.6388,-9.9525],[-66.6583,-9.9367],[-66.8393,-10.0839],[-66.874,-10.0813],[-66.9124,-10.1481],[-66.997,-10.2001],[-67.017,-10.2586],[-67.1319,-10.2936],[-67.1702,-10.3378],[-67.3158,-10.3198],[-67.3129,-10.3779],[-67.4085,-10.3746],[-67.4146,-10.428],[-67.4696,-10.462]]]]}},{"type":"Feature","properties":{"nome":"Malhada Vermelha","situacao":"Terrestre"},"geometry":{"type":"Polygon","coordinates":[[[-39.1022,-6.4114],[-39.0094,-6.2539],[-39.0221,-6.337],[-39.1022,-6.4114]]]}},{"type":"Feature","properties":{"nome":"Bom Nome","situacao":"Terrestre"},"geometry":{"type":"Polygon","coordinates":[[[-38.5332,-7.9079],[-38.5745,-7.9438],[-38.5856,-7.9294],[-38.5756,-7.9018],[-38.5332,-7.9079]]]}},{"type":"Feature","properties":{"nome":"Curitiba","situacao":"Terrestre"},"geometry":{"type":"Polygon","coordinates":[[[-49.3506,-25.6351],[-49.3905,-25.6083],[-49.3734,-25.5784],[-49.4186,-25.5851],[-49.342,-25.5077],[-49.3726,-25.461],[-49.3457,-25.3957],[-49.3325,-25.4714],[-49.3021,-25.4148],[-49.3137,-25.4659],[-49.3074,-25.4805],[-49.2586,-25.3728],[-49.1954,-25.379],[-49.2063,-25.3469],[-49.1788,-25.3787],[-49.1999,-25.3401],[-49.1472,-25.3273],[-49.1525,-25.2856],[-49.0876,-25.2923],[-49.1153,-25.312],[-49.0822,-25.3333],[-49.074,-25.3023],[-49.0089,-25.2868],[-49.0784,-25.3494],[-49.0478,-25.3723],[-49.0326,-25.3521],[-49.0469,-25.3965],[-49.0192,-25.4268],[-49.0669,-25.422],[-49.0699,-25.4287],[-49.0226,-25.4475],[-49.1084,-25.4708],[-49.0113,-25.5238],[-49.0744,-25.5106],[-49.0667,-25.5384],[-49.1013,-25.5481],[-49.1407,-25.5209],[-49.0812,-25.5727],[-49.1589,-25.5877],[-49.21,-25.5355],[-49.2242,-25.5787],[-49.2517,-25.5541],[-49.2687,-25.5869],[-49.3332,-25.5467],[-49.3101,-25.5884],[-49.3506,-25.6351]]]}},{"type":"Feature","properties":{"nome":"Bananal","situacao":"Terrestre"},"geometry":{"type":"Polygon","coordinates":[[[-50.7845,-14.6238],[-50.7673,-14.679],[-50.7208,-14.7011],[-50.8012,-14.7254],[-50.7693,-14.8894],[-50.781,-14.9425],[-50.8056,-14.9176],[-50.8156,-14.949],[-50.6611,-15.1391],[-50.7041,-15.1272],[-50.7309,-15.2217],[-50.6987,-15.3904],[-50.643,-15.4569],[-50.6845,-15.4921],[-50.7031,-15.4383],[-50.7102,-15.4663],[-50.7516,-15.4574],[-50.7646,-15.4848],[-50.7207,-15.5156],[-50.7893,-15.5026],[-50.8334,-15.5694],[-50.8401,-15.6874],[-50.9136,-15.7404],[-50.9765,-15.7141],[-50.9951,-15.8246],[-51.0104,-15.7864],[-51.0745,-15.797],[-51.129,-15.7459],[-51.1528,-15.7723],[-51.1953,-15.7215],[-51.2237,-15.7363],[-51.329,-15.608],[-51.3828,-15.6074],[-51.3945,-15.6361],[-51.4228,-15.6122],[-51.4424,-15.7081],[-51.5303,-15.7213],[-51.5364,-15.7661],[-51.4924,-15.8186],[-51.5313,-15.8415],[-51.53,-15.8198],[-51.5623,-15.876],[-51.6477,-15.8673],[-51.6185,-16.0347],[-51.5841,-16.0601],[-51.6576,-16.0606],[-51.6688,-16.0997],[-51.7114,-16.0587],[-51.7667,-16.0594],[-51.765,-16.0308],[-51.7271,-16.0362],[-51.7517,-15.9961],[-51.8745,-15.9742],[-51.8545,-15.8905],[-52.0257,-15.8819],[-52.067,-15.8379],[-52.1537,-15.8199],[-52.1346,-15.7624],[-52.2368,-15.7489],[-52.3674,-15.6544],[-52.3761,-15.6174],[-52.3819,-15.659],[-52.3836,-15.6292],[-52.4333,-15.6462],[-52.3865,-15.6097],[-52.4371,-15.6129],[-52.3185,-15.5477],[-52.4285,-15.5353],[-52.3472,-15.5318],[-52.3866,-15.4869],[-52.3212,-15.5116],[-52.3555,-15.4469],[-52.2929,-15.4656],[-52.2778,-15.4136],[-52.1618,-15.3536],[-52.1482,-15.3113],[-52.2104,-15.2711],[-52.2439,-15.2921],[-52.2118,-15.2588],[-52.2084,-15.1455],[-52.2558,-15.107],[-52.1892,-15.0615],[-52.2281,-15.0825],[-52.2591,-15.0532],[-52.2717,-15.1002],[-52.3516,-15.1184],[-52.3527,-15.1445],[-52.4164,-15.1012],[-52.458,-15.1111],[-52.4297,-15.0133],[-52.3416,-14.9502],[-52.3997,-14.8961],[-52.4087,-14.84],[-52.2434,-14.6508],[-52.1684,-14.6239],[-52.0846,-14.6672],[-52.0503,-14.6355],[-52.0914,-14.601],[-52.0376,-14.5256],[-52.0883,-14.4806],[-52.0839,-14.4274],[-52.0126,-14.4561],[-51.9459,-14.3924],[-51.8124,-14.3425],[-51.9315,-14.335],[-51.9387,-14.2905],[-52.0547,-14.3723],[-52.1391,-14.3435],[-52.1515,-14.2977],[-52.1111,-14.3026],[-52.1032,-14.2482],[-52.0708,-14.2799],[-52.067,-14.2553],[-52.0159,-14.2539],[-52.0614,-14.1877],[-52.0166,-14.1996],[-51.9911,-14.1669],[-52.0288,-14.1483],[-51.9476,-14.1353],[-51.9562,-14.0736],[-51.9136,-14.1158],[-51.8829,-14.0851],[-51.9133,-14.0138],[-51.8846,-13.9998],[-51.955,-13.9709],[-51.8935,-13.9539],[-51.8803,-13.9931],[-51.8523,-13.9779],[-51.8578,-13.9395],[-51.7973,-13.8897],[-51.8407,-13.8534],[-51.781,-13.8394],[-51.7736,-13.7887],[-51.6741,-13.7589],[-51.7576,-13.6367],[-51.7037,-13.5704],[-51.6044,-13.5403],[-51.5872,-13.3835],[-51.5411,-13.3786],[-51.5249,-13.4273],[-51.4842,-13.4036],[-51.548,-13.28],[-51.5214,-13.1872],[-51.4838,-13.1769],[-51.519,-13.1674],[-51.5341,-13.0922],[-51.5082,-13.0133],[-51.5368,-12.9857],[-51.5043,-12.9453],[-51.5585,-12.8856],[-51.4918,-12.909],[-51.5268,-12.8393],[-51.4969,-12.8318],[-51.5567,-12.7981],[-51.5,-12.8031],[-51.5434,-12.7512],[-51.5097,-12.7797],[-51.4794,-12.7644],[-51.5258,-12.7527],[-51.4923,-12.7422],[-51.4885,-12.7245],[-51.5931,-12.7165],[-51.5699,-12.6785],[-51.5021,-12.7158],[-51.4811,-12.682],[-51.6009,-12.6261],[-51.5302,-12.6301],[-51.5653,-12.5555],[-51.5274,-12.5462],[-51.4813,-12.6487],[-51.4319,-12.654],[-51.4252,-12.5937],[-51.3744,-12.6353],[-51.3861,-12.5929],[-51.3407,-12.5945],[-51.3358,-12.5439],[-51.3555,-12.496],[-51.4038,-12.5072],[-51.345,-12.433],[-51.3789,-12.4419],[-51.3784,-12.404],[-51.4137,-12.4071],[-51.3938,-12.372],[-51.4273,-12.3569],[-51.4211,-12.3277],[-51.4507,-12.3416],[-51.4247,-12.3054],[-51.4479,-12.2938],[-51.388,-12.2726],[-51.365,-12.3244],[-51.2849,-12.3536],[-51.2464,-12.2989],[-51.2036,-12.3114],[-51.1946,-12.2785],[-51.234,-12.2357],[-51.2091,-12.2448],[-51.1765,-12.1208],[-51.2198,-12.0761],[-51.227,-12.1339],[-51.2758,-12.1132],[-51.2337,-12.0558],[-51.2804,-12.0441],[-51.2656,-11.9032],[-51.2788,-11.8708],[-51.3168,-11.8732],[-51.2577,-11.844],[-51.3213,-11.8325],[-51.273,-11.8033],[-51.3155,-11.7702],[-51.2776,-11.7424],[-51.26,-11.6403],[-51.3341,-11.6176],[-51.3803,-11.6551],[-51.4154,-11.6296],[-51.5183,-11.6679],[-51.5087,-11.5622],[-51.6556,-11.51],[-51.6844,-11.4514],[-51.7185,-11.465],[-51.8208,-11.3149],[-51.8509,-11.2413],[-51.8118,-11.1917],[-51.9332,-11.0995],[-52.0053,-11.1161],[-52.0464,-11.0817],[-52.044,-11.021],[-52.1295,-10.878],[-52.1138,-10.8443],[-52.0683,-10.8499],[-52.106,-10.8243],[-52.0763,-10.7994],[-52.1193,-10.7884],[-52.1371,-10.8429],[-52.1409,-10.7795],[-52.1124,-10.7265],[-52.0606,-10.7247],[-52.1058,-10.6994],[-52.0604,-10.6389],[-52.0908,-10.6007],[-51.9709,-10.5725],[-51.9218,-10.5944],[-51.8443,-10.5257],[-51.8476,-10.5807],[-51.8075,-10.5512],[-51.842,-10.3586],[-51.7688,-10.4251],[-51.7269,-10.4186],[-51.7149,-10.4791],[-51.6568,-10.5061],[-51.6964,-10.4691],[-51.6643,-10.4436],[-51.608,-10.4657],[-51.6097,-10.4225],[-51.5508,-10.4515],[-51.5621,-10.488],[-51.6263,-10.4886],[-51.5963,-10.5354],[-51.6531,-10.5494],[-51.5977,-10.5954],[-51.6186,-10.6539],[-51.5064,-10.6554],[-51.4167,-10.7238],[-51.3473,-10.6998],[-51.336,-10.8277],[-51.2307,-10.8654],[-51.0964,-10.8355],[-51.0977,-10.7218],[-51.07,-10.6891],[-51.0034,-10.6986],[-50.9863,-10.6667],[-50.9406,-10.7036],[-50.9346,-10.588],[-50.8297,-10.5706],[-50.7927,-10.6503],[-50.7239,-10.6062],[-50.646,-10.6423],[-50.602,-10.6065],[-50.5473,-10.5126],[-50.5942,-10.4973],[-50.6335,-10.524],[-50.7008,-10.4222],[-50.6402,-10.3836],[-50.5644,-10.3992],[-50.5949,-10.3765],[-50.556,-10.3585],[-50.5644,-10.3225],[-50.6156,-10.312],[-50.5838,-10.312],[-50.5342,-10.2087],[-50.5904,-10.2202],[-50.5911,-10.1886],[-50.5449,-10.1832],[-50.5278,-10.1394],[-50.5124,-10.1675],[-50.5022,-10.1151],[-50.6003,-10.1633],[-50.6325,-10.1597],[-50.626,-10.1372],[-50.5837,-10.1326],[-50.5937,-10.085],[-50.56,-10.0774],[-50.5794,-10.0503],[-50.5466,-10.0043],[-50.4268,-9.9843],[-50.3986,-9.9207],[-50.3578,-9.9464],[-50.3312,-9.887],[-50.3735,-9.8433],[-50.3268,-9.846],[-50.276,-9.7384],[-50.1676,-9.6987],[-50.1503,-9.5319],[-50.1989,-9.4958],[-50.2479,-9.5253],[-50.297,-9.4703],[-50.2458,-9.4708],[-50.2498,-9.402],[-50.2009,-9.3885],[-50.2156,-9.3412],[-50.1605,-9.3253],[-50.1922,-9.2139],[-50.0793,-9.2002],[-50.0235,-9.1062],[-50.0208,-9.0389],[-49.9625,-9.0386],[-50.0019,-9.0076],[-49.9252,-9.0397],[-49.7832,-8.8677],[-50.0519,-8.8137],[-50.0305,-8.754],[-50.0607,-8.7152],[-50.0197,-8.7473],[-49.8984,-8.7235],[-49.8195,-8.802],[-49.8309,-8.83],[-49.7292,-8.8581],[-49.7024,-8.8185],[-49.6296,-8.8011],[-49.6461,-8.7674],[-49.6072,-8.7889],[-49.5727,-8.7621],[-49.5576,-8.6636],[-49.5105,-8.6098],[-49.461,-8.6848],[-49.4767,-8.7262],[-49.5276,-8.7408],[-49.5411,-8.8384],[-49.5631,-8.8637],[-49.5745,-8.8366],[-49.6761,-8.859],[-49.7376,-8.9112],[-49.8097,-9.0506],[-49.9623,-9.2318],[-49.9598,-9.3156],[-49.9177,-9.3446],[-49.9668,-9.313],[-49.9713,-9.3712],[-49.9341,-9.3833],[-49.9991,-9.388],[-49.9864,-9.5876],[-49.9561,-9.6079],[-49.9852,-9.6208],[-49.9827,-9.6857],[-50.0266,-9.7015],[-49.986,-9.8099],[-50.0487,-9.8825],[-50.025,-9.9778],[-50.0075,-9.9825],[-50.0053,-9.9563],[-49.9833,-9.9521],[-49.9948,-9.9879],[-49.9514,-9.9778],[-49.9615,-10.0299],[-49.9184,-10.0375],[-49.9506,-10.0489],[-49.936,-10.0903],[-49.8949,-10.0677],[-49.8582,-10.0886],[-49.9324,-10.1042],[-49.9657,-10.0333],[-50.0081,-10.0324],[-49.9808,-10.0626],[-50.0122,-10.0908],[-49.9525,-10.0928],[-49.9625,-10.134],[-49.8354,-10.1524],[-49.9115,-10.1659],[-49.8726,-10.2159],[-49.913,-10.2149],[-49.8785,-10.2269],[-49.8458,-10.209],[-49.8582,-10.2265],[-49.8131,-10.2373],[-49.9068,-10.2575],[-49.8971,-10.299],[-49.8268,-10.2628],[-49.8386,-10.3103],[-49.8106,-10.3075],[-49.7906,-10.3621],[-49.8109,-10.2771],[-49.7808,-10.2327],[-49.7083,-10.2565],[-49.694,-10.2262],[-49.7084,-10.1971],[-49.7378,-10.2276],[-49.7899,-10.1941],[-49.7828,-10.1635],[-49.6866,-10.1063],[-49.7404,-10.1477],[-49.7311,-10.1991],[-49.6994,-10.1694],[-49.6656,-10.2369],[-49.6928,-10.2493],[-49.687,-10.284],[-49.6808,-10.2479],[-49.6538,-10.283],[-49.6451,-10.2714],[-49.6336,-10.2665],[-49.6343,-10.2977],[-49.6801,-10.2879],[-49.6745,-10.3133],[-49.589,-10.3256],[-49.595,-10.2795],[-49.5732,-10.2797],[-49.5383,-10.336],[-49.5674,-10.3442],[-49.5019,-10.3872],[-49.4186,-10.3358],[-49.2891,-10.3288],[-49.4491,-10.3917],[-49.4302,-10.4253],[-49.4742,-10.398],[-49.5381,-10.411],[-49.6393,-10.336],[-49.6832,-10.3408],[-49.6477,-10.3525],[-49.6739,-10.4072],[-49.6624,-10.4338],[-49.6576,-10.4014],[-49.6325,-10.3956],[-49.6446,-10.4411],[-49.6071,-10.401],[-49.5601,-10.4358],[-49.5139,-10.414],[-49.4821,-10.4284],[-49.5286,-10.4227],[-49.504,-10.4399],[-49.5375,-10.4616],[-49.5368,-10.4328],[-49.5592,-10.446],[-49.5822,-10.4305],[-49.6594,-10.4585],[-49.5703,-10.4792],[-49.719,-10.5025],[-49.7865,-10.5764],[-49.7408,-10.5977],[-49.7382,-10.611],[-49.7833,-10.6125],[-49.8066,-10.664],[-49.749,-10.8752],[-49.7475,-11.0535],[-49.6529,-11.1377],[-49.4338,-11.2065],[-49.5005,-11.2322],[-49.5571,-11.1869],[-49.5788,-11.192],[-49.5696,-11.2455],[-49.5438,-11.2167],[-49.513,-11.2321],[-49.5469,-11.2289],[-49.5313,-11.2576],[-49.5551,-11.2648],[-49.5051,-11.2598],[-49.4729,-11.3439],[-49.5641,-11.2753],[-49.5587,-11.3621],[-49.5965,-11.3735],[-49.5273,-11.3599],[-49.543,-11.3784],[-49.5066,-11.3743],[-49.4663,-11.4069],[-49.5536,-11.3844],[-49.5973,-11.4095],[-49.5813,-11.4449],[-49.5807,-11.4812],[-49.5873,-11.4993],[-49.5936,-11.4238],[-49.6088,-11.4702],[-49.6445,-11.4383],[-49.6465,-11.4981],[-49.6863,-11.4827],[-49.6601,-11.5078],[-49.6856,-11.5303],[-49.6694,-11.5988],[-49.6344,-11.5486],[-49.5708,-11.6532],[-49.6157,-11.6728],[-49.5552,-11.6768],[-49.5205,-11.7219],[-49.5282,-11.7465],[-49.5549,-11.714],[-49.555,-11.7488],[-49.5985,-11.7185],[-49.5723,-11.7655],[-49.6445,-11.916],[-49.5662,-11.923],[-49.6476,-11.9302],[-49.671,-11.9927],[-49.6584,-12.0262],[-49.6341,-12.0146],[-49.6663,-12.08],[-49.6282,-12.0839],[-49.6213,-12.0245],[-49.5831,-11.9696],[-49.5681,-11.9611],[-49.5536,-11.9679],[-49.5908,-12.0005],[-49.6135,-12.0826],[-49.5883,-12.0806],[-49.6334,-12.1016],[-49.6249,-12.1384],[-49.6467,-12.1413],[-49.6644,-12.1505],[-49.6652,-12.1519],[-49.6361,-12.1911],[-49.6698,-12.2542],[-49.6892,-12.2101],[-49.7627,-12.1928],[-49.7831,-12.1455],[-49.8023,-12.2162],[-49.8133,-12.143],[-49.8378,-12.1374],[-49.8635,-12.1933],[-49.873,-12.1179],[-49.9102,-12.1444],[-49.9078,-12.2361],[-49.8282,-12.2882],[-49.7867,-12.3988],[-49.7901,-12.4409],[-49.8372,-12.2958],[-49.9099,-12.2569],[-49.9317,-12.2567],[-49.8783,-12.3414],[-49.9153,-12.3456],[-49.9655,-12.2751],[-49.9732,-12.3339],[-50.0403,-12.3806],[-49.9783,-12.3668],[-49.9543,-12.3813],[-50.0116,-12.3769],[-50.0261,-12.4014],[-50.0452,-12.3919],[-50.0543,-12.398],[-50.0587,-12.406],[-50.0358,-12.4337],[-49.9816,-12.4287],[-50.045,-12.4439],[-49.9812,-12.4874],[-50.0371,-12.4606],[-50.0232,-12.5041],[-50.0463,-12.4777],[-50.0536,-12.5091],[-49.9825,-12.5674],[-49.9778,-12.6327],[-49.9325,-12.6532],[-49.9775,-12.6522],[-49.9178,-12.744],[-49.9778,-12.6883],[-50.0145,-12.5545],[-50.0687,-12.5977],[-50.0679,-12.5588],[-50.1038,-12.5521],[-50.0857,-12.4453],[-50.1351,-12.4315],[-50.1109,-12.48],[-50.1191,-12.5338],[-50.1247,-12.4727],[-50.1343,-12.5259],[-50.1432,-12.4738],[-50.1526,-12.521],[-50.1603,-12.4644],[-50.1719,-12.491],[-50.1936,-12.4674],[-50.2072,-12.5011],[-50.1548,-12.5289],[-50.1832,-12.5563],[-50.1517,-12.5464],[-50.1246,-12.554],[-50.1478,-12.5552],[-50.1269,-12.5835],[-50.1631,-12.563],[-50.1415,-12.5903],[-50.1715,-12.5899],[-50.0866,-12.614],[-50.1193,-12.6405],[-50.1564,-12.6194],[-50.1278,-12.6587],[-50.2034,-12.6113],[-50.1483,-12.6681],[-50.1948,-12.6536],[-50.189,-12.6841],[-50.2116,-12.6834],[-50.177,-12.7357],[-50.2118,-12.7435],[-50.1739,-12.749],[-50.1711,-12.7815],[-50.282,-12.7016],[-50.184,-12.8018],[-50.2753,-12.736],[-50.1872,-12.9047],[-50.2446,-12.8956],[-50.2438,-12.9329],[-50.2672,-12.8748],[-50.3003,-12.8299],[-50.274,-12.8773],[-50.2935,-12.8867],[-50.344,-12.8326],[-50.3647,-12.8442],[-50.2963,-12.9265],[-50.33,-12.8964],[-50.3259,-12.9435],[-50.2779,-12.9694],[-50.3253,-12.9912],[-50.2124,-13.0638],[-50.4043,-12.9662],[-50.2163,-13.1151],[-50.357,-13.044],[-50.3369,-13.0726],[-50.375,-13.0758],[-50.3336,-13.1044],[-50.4046,-13.082],[-50.3067,-13.1532],[-50.413,-13.0891],[-50.4077,-13.1147],[-50.4713,-13.1191],[-50.3744,-13.1508],[-50.3305,-13.1868],[-50.3269,-13.1992],[-50.4491,-13.161],[-50.3316,-13.2287],[-50.455,-13.188],[-50.3698,-13.2506],[-50.3745,-13.2865],[-50.3954,-13.256],[-50.3979,-13.2836],[-50.4425,-13.2707],[-50.4715,-13.2199],[-50.4799,-13.2555],[-50.5184,-13.2339],[-50.4338,-13.2991],[-50.4436,-13.3549],[-50.4969,-13.3553],[-50.482,-13.3987],[-50.5316,-13.4365],[-50.5003,-13.4902],[-50.4824,-13.4684],[-50.4958,-13.4961],[-50.4658,-13.4749],[-50.4735,-13.5064],[-50.536,-13.5135],[-50.5387,-13.5775],[-50.5618,-13.5376],[-50.5676,-13.6249],[-50.5798,-13.5457],[-50.6011,-13.5756],[-50.5951,-13.5437],[-50.6127,-13.5278],[-50.6225,-13.5577],[-50.6323,-13.517],[-50.6354,-13.5507],[-50.6656,-13.5529],[-50.712,-13.5144],[-50.6882,-13.561],[-50.7616,-13.5907],[-50.7487,-13.6168],[-50.773,-13.6165],[-50.7717,-13.6746],[-50.8068,-13.7129],[-50.7665,-13.7437],[-50.8215,-13.8115],[-50.7465,-13.8347],[-50.8086,-13.8595],[-50.7662,-13.869],[-50.7425,-13.9066],[-50.7667,-13.8746],[-50.8342,-13.8678],[-50.8192,-13.9223],[-50.8571,-13.9685],[-50.7996,-14.084],[-50.8319,-14.1239],[-50.7888,-14.1795],[-50.7418,-14.156],[-50.6819,-14.1734],[-50.6453,-14.2562],[-50.6571,-14.2832],[-50.7056,-14.1779],[-50.7891,-14.2054],[-50.7239,-14.3506],[-50.7613,-14.3327],[-50.7867,-14.3646],[-50.8371,-14.4462],[-50.8533,-14.5562],[-50.8523,-14.602],[-50.7845,-14.6238]]]}},{"type":"Feature","properties":{"nome":"Potiguar_Mar","situacao":"Marítima"},"geometry":{"type":"Polygon","coordinates":[[[-36.5767,-0.9521],[-35.5641,-1.7631],[-33.4156,-2.3608],[-32.4391,-3.5998],[-35.3856,-5.2665],[-35.4892,-5.1588],[-35.9497,-5.0445],[-36.1519,-5.0958],[-36.3086,-5.1033],[-36.4836,-5.0625],[-36.6899,-5.0928],[-36.9628,-4.9201],[-37.039,-4.9515],[-37.1674,-4.9325],[-37.3254,-4.7021],[-37.4993,-4.6263],[-37.5932,-4.626],[-37.7296,-4.4976],[-37.7704,-4.4017],[-37.8516,-4.3797],[-38.014,-4.2469],[-38.4335,-3.7751],[-37.2605,-0.5386],[-36.5767,-0.9521]]]}},{"type":"Feature","properties":{"nome":"Cumuruxatiba_Mar","situacao":"Marítima"},"geometry":{"type":"Polygon","coordinates":[[[-39.0182,-16.2772],[-35.4132,-16.2719],[-35.4856,-16.6684],[-35.3192,-17.1257],[-35.2247,-17.5847],[-39.1368,-17.687],[-39.1952,-17.58],[-39.2133,-17.1692],[-39.1529,-16.9428],[-39.1122,-16.8961],[-39.1427,-16.8663],[-39.1417,-16.7573],[-39.1079,-16.7103],[-39.0589,-16.428],[-39.0088,-16.3759],[-39.0182,-16.2772]]]}},{"type":"Feature","properties":{"nome":"Itaboraí","situacao":"Terrestre"},"geometry":{"type":"Polygon","coordinates":[[[-43.0257,-22.827],[-43.0357,-22.7823],[-42.9963,-22.7896],[-42.9613,-22.714],[-43.02,-22.7015],[-43.0387,-22.6598],[-42.9658,-22.6387],[-43.0136,-22.6295],[-43.0259,-22.5955],[-42.9824,-22.5274],[-43.0005,-22.5883],[-42.9568,-22.5756],[-42.9729,-22.6027],[-42.9293,-22.6446],[-42.921,-22.6133],[-42.843,-22.6093],[-42.8672,-22.6305],[-42.8177,-22.6367],[-42.8274,-22.7114],[-42.7846,-22.6993],[-42.7685,-22.7346],[-42.8362,-22.7436],[-42.9357,-22.8183],[-43.0257,-22.827]]]}},{"type":"Feature","properties":{"nome":"Potiguar_Terra","situacao":"Terrestre"},"geometry":{"type":"Polygon","coordinates":[[[-38.1545,-5.2383],[-38.1942,-5.2037],[-38.1481,-5.2016],[-38.1524,-5.1269],[-38.1186,-5.1052],[-38.1575,-5.1013],[-38.161,-5.0497],[-38.236,-5.0678],[-38.2522,-5.1014],[-38.2681,-5.0566],[-38.1872,-4.9795],[-38.2114,-4.9282],[-38.1728,-4.9685],[-38.0894,-4.9162],[-38.1013,-4.8635],[-38.0618,-4.8271],[-38.0783,-4.8677],[-38.0427,-4.8826],[-38.0249,-4.8182],[-37.9471,-4.7567],[-37.9253,-4.7692],[-37.8628,-4.6796],[-37.8416,-4.6868],[-37.8326,-4.639],[-37.8595,-4.6091],[-37.8665,-4.648],[-37.9536,-4.6678],[-37.9571,-4.7286],[-38.0512,-4.7251],[-38.1099,-4.6672],[-38.1219,-4.6903],[-38.0841,-4.7157],[-38.1409,-4.7067],[-38.165,-4.6456],[-38.1206,-4.6466],[-38.0753,-4.5892],[-38.2125,-4.6137],[-38.1571,-4.4725],[-38.2566,-4.6127],[-38.351,-4.6865],[-38.3181,-4.6548],[-38.3239,-4.566],[-38.3788,-4.5194],[-38.3247,-4.4509],[-38.2878,-4.45],[-38.2582,-4.3815],[-38.1343,-4.3529],[-38.0718,-4.3718],[-38.0664,-4.4013],[-38.0324,-4.3815],[-38.179,-4.329],[-38.2809,-4.3516],[-38.3399,-4.4254],[-38.352,-4.3894],[-38.3872,-4.3851],[-38.3707,-4.4085],[-38.4077,-4.4549],[-38.5137,-4.4223],[-38.5048,-4.3218],[-38.4458,-4.2906],[-38.4295,-4.3268],[-38.3617,-4.3176],[-38.3413,-4.2492],[-38.2285,-4.2083],[-38.2395,-4.1875],[-38.3642,-4.21],[-38.4307,-4.1574],[-38.5113,-4.1367],[-38.434,-4.1722],[-38.4641,-4.1966],[-38.4089,-4.2085],[-38.5199,-4.211],[-38.4258,-4.2287],[-38.4724,-4.2617],[-38.5425,-4.2433],[-38.4698,-4.2748],[-38.5929,-4.322],[-38.5404,-4.3206],[-38.5458,-4.347],[-38.5964,-4.3577],[-38.6608,-4.2949],[-38.6148,-4.3568],[-38.6736,-4.3056],[-38.6639,-4.3321],[-38.7029,-4.3338],[-38.6936,-4.3817],[-38.7433,-4.3371],[-38.6265,-4.2584],[-38.6476,-4.2468],[-38.6014,-4.161],[-38.5068,-4.1062],[-38.5207,-4.0294],[-38.4301,-3.9419],[-38.4989,-3.9626],[-38.4335,-3.7751],[-38.014,-4.2469],[-37.8516,-4.3797],[-37.7704,-4.4017],[-37.7296,-4.4976],[-37.5932,-4.626],[-37.4993,-4.6263],[-37.3254,-4.7021],[-37.1674,-4.9325],[-37.039,-4.9515],[-36.9628,-4.9201],[-36.6899,-5.0928],[-36.4836,-5.0625],[-36.3086,-5.1033],[-36.1519,-5.0958],[-35.9497,-5.0445],[-35.4892,-5.1588],[-35.3856,-5.2665],[-35.8135,-5.5217],[-35.9273,-5.4868],[-35.922,-5.5288],[-35.9657,-5.5101],[-35.9862,-5.5407],[-36.0859,-5.5296],[-36.111,-5.4938],[-36.1927,-5.5495],[-36.2106,-5.5115],[-36.2588,-5.516],[-36.2985,-5.4802],[-36.3877,-5.5077],[-36.425,-5.4834],[-36.4117,-5.5063],[-36.4387,-5.5181],[-36.4964,-5.4803],[-36.5647,-5.5714],[-36.7033,-5.5739],[-36.733,-5.5365],[-36.7516,-5.5772],[-36.8508,-5.5871],[-36.8349,-5.614],[-36.8516,-5.6291],[-36.8695,-5.5859],[-36.8868,-5.6645],[-36.9026,-5.6319],[-36.9339,-5.6396],[-36.9149,-5.6062],[-36.9772,-5.6595],[-37.0012,-5.6402],[-37.1082,-5.696],[-37.1881,-5.658],[-37.1985,-5.6844],[-37.2206,-5.6544],[-37.2804,-5.705],[-37.4708,-5.7724],[-37.5304,-5.7632],[-37.5577,-5.708],[-37.5876,-5.7305],[-37.641,-5.7019],[-37.715,-5.7446],[-37.714,-5.7901],[-37.756,-5.7203],[-37.7864,-5.7623],[-37.7721,-5.7091],[-38.0258,-5.7592],[-38.0678,-5.7196],[-38.0249,-5.6798],[-38.1026,-5.7343],[-38.1269,-5.6026],[-38.1911,-5.5093],[-38.1812,-5.3766],[-38.1318,-5.3834],[-38.1918,-5.3055],[-38.1545,-5.2383]]]}},{"type":"Feature","properties":{"nome":"Foz do Amazonas_Mar","situacao":"Marítima"},"geometry":{"type":"Polygon","coordinates":[[[-47.8552,-0.5743],[-47.898,-0.5532],[-47.9199,-0.6297],[-47.9626,-0.6371],[-47.9974,-0.7051],[-48.0008,-0.6647],[-48.473,-0.4994],[-48.3909,-0.3636],[-48.4126,-0.2576],[-48.4731,-0.2322],[-48.7032,-0.2575],[-48.7932,-0.2204],[-48.9311,-0.2263],[-49.0086,-0.1608],[-49.3973,0.0154],[-49.3879,0.0406],[-49.476,0.0786],[-49.6161,0.3127],[-49.678,0.3656],[-49.7425,0.3492],[-49.7394,0.3222],[-49.7635,0.3487],[-49.9037,0.3106],[-50.0616,0.3381],[-50.0359,0.5085],[-50.0924,0.6468],[-50.0935,0.7818],[-49.9412,0.9932],[-49.9462,1.1079],[-49.894,1.1927],[-49.9108,1.2962],[-49.8766,1.4805],[-49.9154,1.6952],[-50.0921,1.7911],[-50.2385,1.8028],[-50.3528,2.0865],[-50.4465,2.1989],[-50.5224,2.208],[-50.7029,2.1378],[-50.6828,2.1727],[-50.7652,2.4477],[-50.8032,2.5078],[-50.8553,2.4904],[-50.8414,2.6384],[-50.8831,2.6854],[-50.9024,2.7943],[-50.9426,2.803],[-51.0362,3.1368],[-51.0225,3.2077],[-51.091,3.4465],[-51.076,3.8903],[-51.1794,3.9445],[-51.2107,4.1228],[-51.3465,4.2949],[-51.6372,4.5084],[-49.3885,7.0538],[-49.0842,6.8264],[-48.7774,6.5396],[-48.538,6.2601],[-48.2876,5.8996],[-48.1003,5.5447],[-47.9063,5.0699],[-47.7998,4.6881],[-47.7232,4.2174],[-47.4117,3.9047],[-47.1299,3.5316],[-46.9099,3.1378],[-46.7417,2.7173],[-46.2891,2.607],[-45.8714,2.4414],[-45.488,2.3791],[-47.8552,-0.5743]]]}},{"type":"Feature","properties":{"nome":"Pajeú","situacao":"Terrestre"},"geometry":{"type":"Polygon","coordinates":[[[-38.5516,-8.2473],[-38.616,-8.3334],[-38.6535,-8.3415],[-38.7144,-8.2958],[-38.7587,-8.3242],[-38.6522,-8.2529],[-38.6109,-8.3004],[-38.5745,-8.2499],[-38.5516,-8.2473]]]}},{"type":"Feature","properties":{"nome":"Pernambuco-Paraiba_Mar","situacao":"Marítima"},"geometry":{"type":"Polygon","coordinates":[[[-32.0103,-10.1672],[-35.0903,-8.7312],[-35.0432,-8.5963],[-35.0048,-8.5664],[-34.9402,-8.2549],[-34.8197,-7.9182],[-34.8464,-7.6891],[-34.8076,-7.6259],[-34.8401,-7.5542],[-34.8037,-7.4725],[-34.7937,-7.1549],[-34.8437,-7.0562],[-34.8303,-6.967],[-34.8552,-7.0279],[-34.8677,-7.0088],[-34.8537,-6.9007],[-34.9028,-6.8657],[-34.9373,-6.7712],[-34.9815,-6.3997],[-35.0303,-6.3448],[-35.0374,-6.2364],[-35.0944,-6.1824],[-35.1071,-6.0067],[-35.18,-5.8692],[-35.2284,-5.577],[-35.3856,-5.2665],[-32.4391,-3.5998],[-32.3982,-3.6517],[-31.8006,-5.352],[-31.4443,-7.0788],[-31.481,-8.1316],[-31.5401,-8.6297],[-31.7831,-9.5521],[-32.0103,-10.1672]]]}},{"type":"Feature","properties":{"nome":"São José de Belmonte","situacao":"Terrestre"},"geometry":{"type":"Polygon","coordinates":[[[-38.756,-7.7476],[-38.7449,-7.8075],[-38.6714,-7.8396],[-38.6266,-7.9204],[-38.5828,-7.9002],[-38.5661,-7.9532],[-38.531,-7.9296],[-38.5886,-7.9908],[-38.6226,-7.9554],[-38.7024,-7.9532],[-38.7611,-7.9713],[-38.7706,-8.0286],[-38.8025,-8.0031],[-38.8937,-8.0169],[-38.9452,-7.9408],[-38.93,-7.8006],[-38.8298,-7.7995],[-38.8197,-7.7624],[-38.8011,-7.796],[-38.756,-7.7476]]]}},{"type":"Feature","properties":{"nome":"Acre","situacao":"Terrestre"},"geometry":{"type":"Polygon","coordinates":[[[-71.3109,-9.9929],[-71.3418,-9.9729],[-71.378,-10.0014],[-72.2019,-10.0006],[-72.1573,-9.8848],[-72.1836,-9.8297],[-72.1517,-9.7998],[-72.2721,-9.7502],[-72.2481,-9.6577],[-72.2553,-9.6149],[-72.2909,-9.6014],[-72.2861,-9.5403],[-72.3517,-9.5447],[-72.44,-9.4767],[-72.548,-9.4921],[-72.7537,-9.4107],[-73.2159,-9.4117],[-73.1917,-9.3609],[-73.1056,-9.3066],[-73.0816,-9.2372],[-72.9996,-9.1989],[-73.0214,-9.1777],[-72.9478,-9.1043],[-72.9451,-8.9873],[-73.0255,-8.8933],[-73.0488,-8.9031],[-73.1534,-8.6843],[-73.2126,-8.6861],[-73.291,-8.6198],[-73.3091,-8.4723],[-73.3907,-8.4703],[-73.4165,-8.4113],[-73.5412,-8.3462],[-73.5406,-8.2706],[-73.598,-8.2061],[-73.5872,-8.128],[-73.6312,-8.0222],[-73.6823,-8.0051],[-73.7019,-7.9609],[-73.7356,-7.9687],[-73.7764,-7.9027],[-73.7655,-7.8583],[-73.6953,-7.8572],[-73.6914,-7.7727],[-73.8277,-7.7163],[-73.9879,-7.5669],[-73.9922,-7.5319],[-73.952,-7.5269],[-73.9238,-7.466],[-73.968,-7.3479],[-73.8741,-7.3791],[-73.834,-7.3372],[-73.7597,-7.3472],[-73.7041,-7.3046],[-73.8048,-7.1118],[-73.73,-7.0225],[-73.7578,-6.9419],[-73.7103,-6.8397],[-73.5194,-6.6774],[-73.3836,-6.6351],[-73.3573,-6.595],[-73.2157,-6.5779],[-73.1453,-6.5064],[-73.1115,-6.4101],[-73.2219,-6.2218],[-73.2535,-6.105],[-73.1596,-5.8695],[-73.0065,-5.7084],[-72.8435,-5.8604],[-72.2453,-6.6613],[-72.032,-6.8764],[-71.5961,-7.4485],[-71.1556,-7.9443],[-70.6043,-8.4521],[-70.2293,-8.7463],[-69.9758,-8.895],[-70.6258,-9.3289],[-71.3109,-9.9929]]]}},{"type":"Feature","properties":{"nome":"Santos","situacao":"Marítima"},"geometry":{"type":"Polygon","coordinates":[[[-44.6246,-27.8748],[-48.5787,-27.8291],[-48.602,-27.6623],[-48.6444,-27.6437],[-48.6206,-27.6038],[-48.5888,-27.62],[-48.5679,-27.5962],[-48.6476,-27.4835],[-48.6268,-27.4347],[-48.5672,-27.424],[-48.557,-27.3674],[-48.5267,-27.3767],[-48.5246,-27.3346],[-48.5406,-27.2989],[-48.5967,-27.3171],[-48.6171,-27.2518],[-48.5306,-27.1819],[-48.5011,-27.2014],[-48.5179,-27.2215],[-48.4809,-27.2084],[-48.4975,-27.1676],[-48.4661,-27.1457],[-48.5024,-27.1464],[-48.5077,-27.1118],[-48.5497,-27.1581],[-48.6031,-27.1256],[-48.5676,-27.0083],[-48.6217,-27.0003],[-48.6437,-26.9022],[-48.5858,-26.7838],[-48.6718,-26.7629],[-48.6875,-26.67],[-48.4932,-26.2197],[-48.5975,-26.1252],[-48.5644,-25.8575],[-48.5347,-25.8495],[-48.4155,-25.6246],[-48.2988,-25.568],[-48.2773,-25.5145],[-48.3102,-25.4938],[-48.2177,-25.4688],[-48.1327,-25.3439],[-47.9093,-25.168],[-47.9103,-25.0539],[-47.8423,-24.9754],[-47.6172,-24.7927],[-47.0101,-24.4146],[-47.001,-24.3302],[-46.9413,-24.281],[-46.4987,-24.0408],[-46.4175,-24.0143],[-46.3998,-24.0341],[-46.3851,-23.9709],[-46.3135,-23.9817],[-46.3245,-24.0227],[-46.2952,-24.0171],[-46.2877,-24.0458],[-46.2449,-23.9919],[-46.1822,-23.991],[-46.1802,-23.9248],[-46.1192,-23.836],[-45.9788,-23.7879],[-45.8112,-23.7585],[-45.6435,-23.7787],[-45.624,-23.8045],[-45.562,-23.7921],[-45.5139,-23.8421],[-45.4055,-23.8206],[-45.4192,-23.6364],[-45.2977,-23.5725],[-45.264,-23.5979],[-45.212,-23.5836],[-45.2286,-23.5386],[-45.1959,-23.5207],[-45.1628,-23.543],[-45.1721,-23.4941],[-45.1146,-23.5264],[-45.1249,-23.5032],[-45.0844,-23.4962],[-45.0824,-23.5224],[-45.0642,-23.4696],[-45.0192,-23.4623],[-45.0601,-23.4576],[-45.0617,-23.4206],[-44.9789,-23.4014],[-44.9084,-23.3347],[-44.892,-23.3736],[-44.8543,-23.362],[-44.829,-23.389],[-44.6765,-23.3365],[-44.6057,-23.3683],[-44.557,-23.3063],[-44.5033,-23.2973],[-44.5846,-23.2674],[-44.5607,-23.2281],[-44.6562,-23.2963],[-44.614,-23.2351],[-44.6931,-23.2537],[-44.6633,-23.2151],[-44.6249,-23.2221],[-44.6436,-23.1863],[-44.713,-23.2343],[-44.6686,-23.0546],[-44.5999,-23.0642],[-44.4774,-23.0067],[-44.4454,-23.028],[-44.4232,-22.9512],[-44.3843,-22.9729],[-44.3481,-22.9225],[-44.3206,-22.938],[-44.3366,-22.9649],[-44.3001,-22.9592],[-44.355,-22.9992],[-44.3512,-23.0312],[-44.2488,-22.9966],[-44.222,-23.018],[-44.2508,-23.052],[-44.1945,-23.0554],[-44.1139,-23.0237],[-44.0469,-22.9394],[-44.0476,-22.985],[-44.0038,-22.9391],[-43.8567,-22.9026],[-43.5576,-23.0513],[-43.6149,-23.0324],[-43.7944,-23.0617],[-43.9079,-23.0271],[-43.8856,-23.0681],[-43.9555,-23.0406],[-44.0092,-23.0935],[-43.6689,-23.0546],[-43.5545,-23.0771],[-43.4441,-23.0225],[-43.2963,-23.0136],[-43.3538,-22.9821],[-43.408,-22.9929],[-43.4043,-22.9758],[-43.3648,-22.9744],[-43.2867,-23.017],[-43.1506,-22.9512],[-43.181,-22.9485],[-43.1677,-22.896],[-43.2384,-22.8777],[-43.2786,-22.7815],[-43.2364,-22.7361],[-43.0863,-22.6781],[-43.0324,-22.6931],[-43.0272,-22.7429],[-43.1356,-22.8839],[-43.0958,-22.9268],[-43.1364,-22.9393],[-43.0525,-22.9834],[-42.5861,-22.9341],[-42.0432,-22.9655],[-40.1915,-25.9235],[-40.7258,-26.1523],[-41.2769,-26.2958],[-41.8468,-26.3588],[-42.4022,-26.3415],[-42.7174,-26.3933],[-43.0551,-26.6522],[-43.4438,-26.8813],[-43.811,-27.0446],[-44.2473,-27.1887],[-44.5858,-27.3539],[-44.6246,-27.8748]]]}},{"type":"Feature","properties":{"nome":"Mucuri_Terra","situacao":"Terrestre"},"geometry":{"type":"Polygon","coordinates":[[[-40.1258,-17.9404],[-40.2097,-17.8321],[-40.1152,-17.8877],[-40.0974,-17.8076],[-40.1505,-17.7853],[-39.9883,-17.7889],[-40.0169,-17.7091],[-39.1361,-17.6887],[-39.2716,-17.8722],[-39.4434,-17.9453],[-39.5502,-18.0962],[-39.5553,-18.0859],[-39.583,-18.0839],[-39.5516,-18.1007],[-39.6707,-18.3527],[-40.3716,-18.1314],[-40.4209,-18.0907],[-40.5031,-18.1245],[-40.5194,-18.1013],[-40.5577,-18.1417],[-40.6257,-18.1048],[-40.6412,-18.0621],[-40.6194,-17.914],[-40.5167,-17.8595],[-40.3279,-17.8541],[-40.1258,-17.9404]]]}},{"type":"Feature","properties":{"nome":"Madre de Díos","situacao":"Terrestre"},"geometry":{"type":"Polygon","coordinates":[[[-67.4696,-10.462],[-67.5888,-10.5107],[-67.6386,-10.5941],[-67.6777,-10.6056],[-67.7085,-10.7112],[-67.8653,-10.6414],[-68.0343,-10.6556],[-68.1068,-10.7176],[-68.1048,-10.7761],[-68.1978,-10.8598],[-68.2389,-10.9569],[-68.3863,-11.0187],[-68.3972,-11.0514],[-68.4889,-11.0513],[-68.5441,-11.1107],[-68.7173,-11.1455],[-68.7666,-11.0669],[-68.7592,-11.0015],[-68.9121,-11.0227],[-69.074,-10.9666],[-69.376,-10.9542],[-69.4242,-10.9276],[-69.7384,-10.9751],[-69.7709,-10.9304],[-69.9363,-10.9226],[-70.1607,-11.0416],[-70.3458,-11.0671],[-70.4388,-11.0398],[-70.5325,-10.9353],[-70.6232,-11.0004],[-70.6237,-9.8222],[-70.5369,-9.7639],[-70.5266,-9.7142],[-70.6025,-9.5635],[-70.558,-9.5718],[-70.5723,-9.5309],[-70.5068,-9.5042],[-70.5248,-9.4604],[-70.4948,-9.4269],[-70.5959,-9.4413],[-70.6649,-9.5243],[-70.7525,-9.5596],[-70.8008,-9.642],[-70.9652,-9.7481],[-70.9976,-9.8173],[-71.1471,-9.8635],[-71.2137,-9.9673],[-71.3105,-9.9861],[-70.6258,-9.3289],[-69.9758,-8.895],[-69.7984,-9.0439],[-68.8683,-9.6654],[-67.4696,-10.462]]]}},{"type":"Feature","properties":{"nome":"Araripe","situacao":"Terrestre"},"geometry":{"type":"Polygon","coordinates":[[[-39.189,-7.6233],[-39.2919,-7.5855],[-39.2722,-7.612],[-39.309,-7.6598],[-39.4098,-7.6173],[-39.4443,-7.6361],[-39.4311,-7.5799],[-39.4665,-7.5849],[-39.5383,-7.4998],[-39.6664,-7.488],[-39.7202,-7.4152],[-39.7813,-7.4484],[-39.8625,-7.4188],[-39.8439,-7.5157],[-39.8769,-7.543],[-39.8476,-7.5688],[-39.8907,-7.6091],[-39.8358,-7.686],[-39.8849,-7.7054],[-39.975,-7.5936],[-40.0339,-7.672],[-40.0703,-7.6485],[-40.186,-7.7368],[-40.2931,-7.7501],[-40.3175,-7.7078],[-40.3188,-7.7575],[-40.2704,-7.7773],[-40.2626,-7.8171],[-40.3044,-7.8729],[-40.3338,-7.8525],[-40.341,-7.7736],[-40.4268,-7.7792],[-40.3793,-7.6924],[-40.4261,-7.6738],[-40.3838,-7.6226],[-40.4358,-7.5038],[-40.4653,-7.5555],[-40.4976,-7.5302],[-40.4956,-7.4826],[-40.5222,-7.5376],[-40.579,-7.4808],[-40.6245,-7.4966],[-40.5648,-7.5278],[-40.5741,-7.5726],[-40.5211,-7.5791],[-40.5552,-7.6341],[-40.5894,-7.6283],[-40.5558,-7.6682],[-40.6182,-7.6702],[-40.604,-7.6965],[-40.6414,-7.698],[-40.664,-7.7222],[-40.577,-7.7456],[-40.5277,-7.7161],[-40.4991,-7.7374],[-40.5156,-7.7787],[-40.466,-7.7527],[-40.4367,-7.7899],[-40.566,-7.803],[-40.5928,-7.7726],[-40.5864,-7.8078],[-40.6467,-7.7883],[-40.6517,-7.817],[-40.7033,-7.785],[-40.6674,-7.6109],[-40.7205,-7.6044],[-40.7669,-7.6385],[-40.7301,-7.5418],[-40.7993,-7.4781],[-40.7148,-7.4403],[-40.695,-7.3946],[-40.7209,-7.3647],[-40.6915,-7.3414],[-40.6492,-7.3344],[-40.6059,-7.3979],[-40.5857,-7.369],[-40.6227,-7.3183],[-40.5802,-7.2936],[-40.5963,-7.2343],[-40.5691,-7.2629],[-40.5317,-7.2047],[-40.4795,-7.2037],[-40.4719,-7.1652],[-40.4223,-7.2501],[-40.4221,-7.1478],[-40.4052,-7.2205],[-40.3985,-7.1933],[-40.3635,-7.221],[-40.3838,-7.1468],[-40.3273,-7.2111],[-40.3394,-7.1477],[-40.3197,-7.1708],[-40.3023,-7.138],[-40.2786,-7.2034],[-40.2915,-7.1272],[-40.2326,-7.1322],[-40.2631,-7.186],[-40.1571,-7.1131],[-40.1352,-7.1299],[-40.2043,-7.1621],[-40.2339,-7.201],[-40.2117,-7.2218],[-40.1964,-7.1906],[-40.1949,-7.2362],[-40.1953,-7.1713],[-40.13,-7.1437],[-40.1459,-7.2047],[-40.0777,-7.1188],[-40.0328,-7.152],[-40.0368,-7.1035],[-40.0147,-7.144],[-40.0115,-7.0976],[-39.9415,-7.1057],[-39.9397,-7.0822],[-39.9152,-7.1313],[-39.7824,-7.0901],[-39.7669,-7.113],[-39.6949,-7.0865],[-39.6762,-7.1342],[-39.6235,-7.1315],[-39.6147,-7.0974],[-39.5408,-7.1016],[-39.4465,-7.2096],[-39.4267,-7.1015],[-39.308,-7.1247],[-39.2899,-7.1021],[-39.2958,-7.1308],[-39.2538,-7.1316],[-39.2344,-7.1714],[-39.2098,-7.141],[-39.2099,-7.1674],[-39.1459,-7.1919],[-39.0754,-7.1463],[-39.014,-7.1667],[-39.0339,-7.1889],[-39.0122,-7.2343],[-38.9469,-7.2221],[-38.9737,-7.2703],[-38.8716,-7.2715],[-38.8132,-7.2298],[-38.6463,-7.2567],[-38.6201,-7.1983],[-38.6328,-7.2776],[-38.5749,-7.2539],[-38.5951,-7.2763],[-38.569,-7.3086],[-38.5951,-7.3202],[-38.5485,-7.3537],[-38.5905,-7.4212],[-38.6943,-7.4478],[-38.841,-7.5876],[-39.0124,-7.6108],[-39.0415,-7.5681],[-39.189,-7.6233]]]}},{"type":"Feature","properties":{"nome":"Campos_Mar","situacao":"Marítima"},"geometry":{"type":"Polygon","coordinates":[[[-40.1915,-25.9235],[-42.0369,-22.925],[-41.9704,-22.822],[-41.8644,-22.755],[-41.9319,-22.7686],[-41.9858,-22.7179],[-41.9798,-22.5631],[-41.7683,-22.3894],[-41.7675,-22.3559],[-41.5387,-22.2335],[-41.204,-22.1326],[-40.9855,-22.0004],[-41.0265,-21.7215],[-41.0107,-21.6125],[-41.0569,-21.5861],[-41.0647,-21.4879],[-40.9609,-21.3619],[-40.9541,-21.2385],[-40.8567,-21.1285],[-40.7593,-20.865],[-40.6425,-20.7827],[-40.6316,-20.8421],[-40.5817,-20.8035],[-40.4617,-20.624],[-40.4233,-20.6366],[-40.3351,-20.4524],[-37.1071,-22.0504],[-37.4489,-22.6183],[-37.5601,-23.032],[-37.7317,-23.4362],[-38.1033,-24.0149],[-38.4194,-24.36],[-38.8029,-24.6772],[-39.1607,-25.1174],[-39.4476,-25.4062],[-39.8079,-25.6919],[-40.1915,-25.9235]]]}},{"type":"Feature","properties":{"nome":"Espírito Santo","situacao":"Marítima"},"geometry":{"type":"Polygon","coordinates":[[[-37.1071,-22.0504],[-40.3351,-20.4524],[-40.2695,-20.3255],[-40.2927,-20.2886],[-40.259,-20.2675],[-40.2378,-20.29],[-40.1981,-20.2173],[-40.1717,-20.1109],[-40.1911,-20.057],[-40.1593,-20.0391],[-40.14,-19.9496],[-39.9838,-19.7398],[-39.8077,-19.6487],[-39.6968,-19.3681],[-39.7473,-18.7066],[-39.7289,-18.5009],[-39.6707,-18.3527],[-35.6019,-19.5627],[-35.9361,-20.0542],[-36.3583,-20.4841],[-36.5894,-21.0522],[-36.9456,-21.6304],[-37.1071,-22.0504]]]}},{"type":"Feature","properties":{"nome":"Bragança-Vizeu","situacao":"Terrestre"},"geometry":{"type":"Polygon","coordinates":[[[-46.4889,-1.9106],[-46.5525,-1.6516],[-46.6928,-1.5894],[-46.746,-1.6432],[-46.8964,-1.4877],[-46.9228,-1.4119],[-47.1101,-1.2384],[-47.1857,-1.0083],[-47.1417,-0.6881],[-47.0891,-0.663],[-47.069,-0.7049],[-47.09,-0.7496],[-47.0671,-0.7769],[-47.0503,-0.7119],[-47.0581,-0.8066],[-47.0288,-0.8032],[-47.0415,-0.7297],[-46.9635,-0.7082],[-46.98,-0.783],[-46.95,-0.7903],[-46.9358,-0.877],[-46.8461,-0.7361],[-46.851,-0.8647],[-46.8171,-0.8292],[-46.8272,-0.896],[-46.8021,-0.8626],[-46.7893,-0.9008],[-46.7667,-0.8179],[-46.7467,-0.9208],[-46.722,-0.8275],[-46.6744,-0.862],[-46.6861,-0.8072],[-46.6385,-0.7886],[-46.6093,-0.8425],[-46.6456,-0.8692],[-46.6351,-0.929],[-46.6841,-0.9526],[-46.6757,-0.9766],[-46.6021,-0.9517],[-46.5855,-0.977],[-46.5514,-0.9043],[-46.5375,-0.978],[-46.5114,-0.8846],[-46.4672,-0.8955],[-46.4274,-0.8583],[-46.4236,-0.8919],[-46.5006,-0.9737],[-46.4647,-0.9765],[-46.487,-1.0007],[-46.469,-1.0537],[-46.4616,-1.0179],[-46.4133,-1.0202],[-46.4186,-1.087],[-46.3298,-1.1434],[-46.2926,-1.277],[-46.3155,-1.2968],[-46.2897,-1.2905],[-46.2889,-1.2617],[-46.2824,-1.3105],[-46.2121,-1.2037],[-46.1624,-1.2313],[-46.1509,-1.3792],[-46.1902,-1.4913],[-46.1669,-1.5373],[-46.1838,-1.5752],[-46.2678,-1.5987],[-46.2696,-1.6388],[-46.1968,-1.7123],[-46.2636,-1.7293],[-46.3276,-1.6928],[-46.3345,-1.7301],[-46.3855,-1.7337],[-46.4167,-1.778],[-46.4064,-1.8421],[-46.4796,-1.8411],[-46.4889,-1.9106]]]}},{"type":"Feature","properties":{"nome":"Barreirinhas_Mar","situacao":"Marítima"},"geometry":{"type":"Polygon","coordinates":[[[-43.9481,-2.5919],[-44.0366,-2.5595],[-44.0249,-2.5074],[-44.0939,-2.4591],[-44.0201,-2.4527],[-44.0216,-2.4008],[-44.3263,-2.5004],[-44.4131,-2.4134],[-44.3739,-2.3902],[-44.3986,-2.3551],[-44.3563,-2.3395],[-44.3964,-2.2214],[-42.483,1.0501],[-42.3238,0.8775],[-41.7014,0.6344],[-41.0253,0.5307],[-41.8248,-2.7197],[-42.0064,-2.7154],[-42.0247,-2.7597],[-42.0506,-2.6896],[-42.2132,-2.702],[-42.2285,-2.6675],[-42.3692,-2.7111],[-42.4844,-2.6929],[-42.4796,-2.7128],[-42.5984,-2.6604],[-42.7112,-2.5577],[-42.7935,-2.5604],[-43.1855,-2.3739],[-43.3781,-2.3269],[-43.4775,-2.3689],[-43.4504,-2.4686],[-43.5218,-2.4767],[-43.5054,-2.3835],[-43.5402,-2.3512],[-43.6146,-2.38],[-43.5514,-2.4293],[-43.5526,-2.5032],[-43.5562,-2.4753],[-43.5826,-2.5045],[-43.5954,-2.4934],[-43.5808,-2.4604],[-43.6259,-2.5448],[-43.6591,-2.4827],[-43.6883,-2.5333],[-43.7381,-2.4975],[-43.7209,-2.4773],[-43.7824,-2.5253],[-43.7908,-2.475],[-43.7471,-2.4337],[-43.6431,-2.4002],[-43.6171,-2.3025],[-43.663,-2.3237],[-43.646,-2.3427],[-43.6488,-2.3483],[-43.674,-2.3308],[-43.6592,-2.3718],[-43.6918,-2.3304],[-43.6733,-2.2895],[-43.6004,-2.2747],[-43.6232,-2.2484],[-43.7275,-2.2943],[-43.707,-2.3249],[-43.7428,-2.3464],[-43.7357,-2.3814],[-43.7782,-2.3696],[-43.84,-2.4204],[-43.8459,-2.5284],[-43.8765,-2.5202],[-43.8854,-2.5542],[-43.8946,-2.5281],[-43.8861,-2.5807],[-43.9238,-2.5535],[-43.9481,-2.5919]]]}},{"type":"Feature","properties":{"nome":"Campos_Terra","situacao":"Terrestre"},"geometry":{"type":"MultiPolygon","coordinates":[[[[-40.7559,-20.7692],[-40.7157,-20.8442],[-40.796,-20.9268],[-40.8567,-21.1285],[-40.9541,-21.2385],[-40.9609,-21.3619],[-41.0745,-21.516],[-41.0569,-21.5861],[-41.0107,-21.6125],[-41.0265,-21.7215],[-40.9855,-22.0004],[-41.204,-22.1326],[-41.6243,-22.2681],[-41.7741,-22.365],[-41.6214,-22.2243],[-41.6534,-22.1874],[-41.615,-22.1944],[-41.5554,-22.115],[-41.5121,-22.1276],[-41.5148,-22.0336],[-41.5505,-22.0792],[-41.6221,-22.0828],[-41.5445,-22.0075],[-41.5897,-21.9813],[-41.5057,-21.9862],[-41.5517,-21.9341],[-41.5968,-21.9574],[-41.5913,-21.9319],[-41.54,-21.8922],[-41.5535,-21.9227],[-41.5087,-21.9413],[-41.4785,-21.8553],[-41.5015,-21.8546],[-41.4259,-21.8256],[-41.4511,-21.8168],[-41.4387,-21.7733],[-41.4874,-21.8256],[-41.4707,-21.7677],[-41.5224,-21.7776],[-41.5389,-21.8258],[-41.581,-21.77],[-41.5072,-21.7518],[-41.5113,-21.6956],[-41.4855,-21.731],[-41.5033,-21.6655],[-41.4336,-21.6622],[-41.4403,-21.6154],[-41.4667,-21.618],[-41.4698,-21.5807],[-41.4405,-21.5917],[-41.4602,-21.5563],[-41.3655,-21.5512],[-41.3497,-21.5083],[-41.3895,-21.4829],[-41.3664,-21.4295],[-41.1876,-21.3983],[-41.2077,-21.3424],[-41.1679,-21.2098],[-41.0721,-21.2028],[-41.0399,-21.0638],[-40.8956,-20.9491],[-40.9104,-20.9721],[-40.8864,-20.9852],[-40.8744,-20.9424],[-40.8441,-20.944],[-40.8798,-20.8918],[-40.9326,-20.9159],[-40.9718,-20.8976],[-40.9443,-20.8847],[-40.9861,-20.8688],[-40.9965,-20.8386],[-40.9869,-20.8027],[-40.9643,-20.8757],[-40.8771,-20.8568],[-40.825,-20.9202],[-40.7903,-20.8899],[-40.8362,-20.9005],[-40.8026,-20.8531],[-40.8301,-20.8481],[-40.795,-20.8383],[-40.8438,-20.8065],[-40.7671,-20.8076],[-40.7559,-20.7692]]],[[[-40.4358,-20.3595],[-40.4557,-20.409],[-40.3351,-20.4524],[-40.359,-20.5195],[-40.4233,-20.6366],[-40.4617,-20.624],[-40.6316,-20.8421],[-40.6425,-20.7827],[-40.6663,-20.8129],[-40.6712,-20.7707],[-40.731,-20.7691],[-40.6757,-20.7203],[-40.7222,-20.6384],[-40.6679,-20.6253],[-40.6945,-20.6541],[-40.6736,-20.6815],[-40.6312,-20.643],[-40.6443,-20.7029],[-40.6142,-20.6501],[-40.5927,-20.6585],[-40.6364,-20.7549],[-40.5397,-20.7043],[-40.5646,-20.6655],[-40.493,-20.6313],[-40.5332,-20.6129],[-40.4918,-20.5706],[-40.4911,-20.601],[-40.4403,-20.5932],[-40.4785,-20.5887],[-40.4798,-20.5548],[-40.4667,-20.5816],[-40.4454,-20.5637],[-40.4763,-20.5363],[-40.4315,-20.5493],[-40.484,-20.5114],[-40.4226,-20.5329],[-40.4422,-20.5054],[-40.4001,-20.4983],[-40.3822,-20.4452],[-40.4877,-20.4574],[-40.5233,-20.5355],[-40.52,-20.4764],[-40.6083,-20.4833],[-40.5107,-20.4506],[-40.5387,-20.43],[-40.5059,-20.4061],[-40.529,-20.363],[-40.489,-20.3837],[-40.4358,-20.3595]]]]}},{"type":"Feature","properties":{"nome":"Marajó","situacao":"Terrestre"},"geometry":{"type":"Polygon","coordinates":[[[-49.1169,-5.5706],[-49.1827,-5.6647],[-49.2525,-5.685],[-49.229,-5.5461],[-49.3226,-5.4497],[-49.3264,-5.2923],[-49.388,-5.2231],[-49.4381,-5.2145],[-49.459,-5.2525],[-49.4607,-5.2083],[-49.3666,-5.2185],[-49.3153,-5.1455],[-49.3435,-4.9057],[-49.4071,-4.8952],[-49.3833,-4.8943],[-49.3931,-4.862],[-49.3385,-4.8734],[-49.4022,-4.8435],[-49.3472,-4.8276],[-49.4082,-4.8193],[-49.3782,-4.7692],[-49.3995,-4.7443],[-49.3691,-4.7555],[-49.3647,-4.7988],[-49.356,-4.7717],[-49.3386,-4.7916],[-49.3614,-4.7491],[-49.3184,-4.7854],[-49.3597,-4.7395],[-49.305,-4.7517],[-49.3093,-4.7658],[-49.2822,-4.791],[-49.2965,-4.7638],[-49.2691,-4.7625],[-49.2996,-4.731],[-49.3504,-4.7352],[-49.276,-4.7187],[-49.3161,-4.7071],[-49.2773,-4.6928],[-49.3005,-4.6651],[-49.3376,-4.7174],[-49.3992,-4.7342],[-49.3819,-4.7041],[-49.4054,-4.6675],[-49.3661,-4.7142],[-49.349,-4.7038],[-49.3942,-4.6602],[-49.3553,-4.6904],[-49.3139,-4.679],[-49.39,-4.6475],[-49.3908,-4.6153],[-49.3003,-4.6501],[-49.3637,-4.6079],[-49.3656,-4.5732],[-49.4054,-4.5968],[-49.4002,-4.5287],[-49.4498,-4.5225],[-49.4447,-4.478],[-49.4131,-4.5146],[-49.398,-4.4933],[-49.4208,-4.4954],[-49.4266,-4.4786],[-49.3974,-4.4705],[-49.3879,-4.4169],[-49.3518,-4.456],[-49.3628,-4.4837],[-49.3211,-4.4845],[-49.333,-4.4358],[-49.3595,-4.4426],[-49.3768,-4.3901],[-49.3956,-4.4058],[-49.3912,-4.2742],[-49.4987,-4.2971],[-49.457,-4.2837],[-49.4902,-4.2569],[-49.4401,-4.2764],[-49.4699,-4.2457],[-49.4728,-4.2356],[-49.417,-4.2641],[-49.4114,-4.2379],[-49.4307,-4.2548],[-49.486,-4.1949],[-49.4858,-4.2364],[-49.5385,-4.2559],[-49.5391,-4.2012],[-49.5143,-4.217],[-49.5348,-4.1812],[-49.4994,-4.1593],[-49.5752,-4.1241],[-49.5126,-4.1481],[-49.5384,-4.1278],[-49.5208,-4.0941],[-49.552,-4.1242],[-49.5714,-4.1039],[-49.5372,-4.091],[-49.5641,-4.0535],[-49.5351,-4.081],[-49.5393,-4.0504],[-49.5142,-4.06],[-49.5798,-4.026],[-49.5709,-3.9844],[-49.5722,-4.0229],[-49.5473,-4.0268],[-49.5602,-3.9901],[-49.5377,-3.9837],[-49.5617,-3.9792],[-49.5403,-3.9647],[-49.5361,-3.9477],[-49.5632,-3.9687],[-49.5569,-3.9152],[-49.5941,-3.8951],[-49.5835,-3.8708],[-49.564,-3.8864],[-49.5816,-3.8566],[-49.5548,-3.8604],[-49.554,-3.8119],[-49.5243,-3.8125],[-49.5483,-3.7933],[-49.5272,-3.7575],[-49.6375,-3.8285],[-49.66,-3.7355],[-49.5887,-3.5263],[-49.6055,-3.4481],[-49.8039,-3.2499],[-49.9428,-2.9975],[-50.0261,-2.9493],[-50.0862,-2.7818],[-50.238,-2.5812],[-50.2092,-2.5596],[-50.219,-2.4996],[-50.2922,-2.354],[-50.4063,-2.2999],[-50.4888,-2.1022],[-50.9525,-1.5728],[-51.0237,-0.5383],[-51.057,-0.397],[-51.2115,-0.0747],[-51.2008,-0.0495],[-51.0873,-0.0469],[-51.036,0.0813],[-50.9337,0.1711],[-50.7782,0.1969],[-50.5915,0.4093],[-50.467,0.6439],[-50.3516,0.7298],[-50.2834,0.8734],[-50.1199,0.9654],[-50.0346,1.0678],[-49.9423,1.1021],[-49.9412,0.9932],[-50.0935,0.7818],[-50.0924,0.6468],[-50.0359,0.5085],[-50.0616,0.3381],[-49.9037,0.3106],[-49.7635,0.3487],[-49.7394,0.3222],[-49.7425,0.3492],[-49.678,0.3656],[-49.6161,0.3127],[-49.476,0.0786],[-49.3879,0.0406],[-49.3973,0.0154],[-49.0086,-0.1608],[-48.9311,-0.2263],[-48.7932,-0.2204],[-48.7032,-0.2575],[-48.4731,-0.2322],[-48.4126,-0.2576],[-48.3909,-0.3636],[-48.473,-0.4994],[-48.0008,-0.6647],[-47.9974,-0.7051],[-47.9626,-0.6371],[-47.9199,-0.6297],[-47.898,-0.5532],[-47.8425,-0.587],[-47.8716,-0.6778],[-47.8414,-0.6806],[-47.8153,-0.5615],[-47.7685,-0.5857],[-47.7669,-0.6386],[-47.7641,-0.5658],[-47.7043,-0.5356],[-47.6991,-0.5935],[-47.6369,-0.6041],[-47.6268,-0.7018],[-47.5798,-0.5817],[-47.5427,-0.605],[-47.4885,-0.7654],[-47.4669,-0.7526],[-47.4751,-0.5969],[-47.4196,-0.5924],[-47.426,-0.6558],[-47.3229,-0.5945],[-47.2832,-0.6074],[-47.2936,-0.6462],[-47.2129,-0.6379],[-47.1998,-0.6653],[-47.2441,-0.7076],[-47.1591,-0.6704],[-47.1782,-0.7443],[-47.1705,-0.7769],[-47.1452,-0.7325],[-47.1902,-0.9134],[-47.1742,-1.0839],[-47.0981,-1.2583],[-46.9634,-1.3934],[-47.0377,-1.5041],[-46.9353,-1.6857],[-46.9495,-1.7872],[-46.8773,-1.8813],[-46.832,-2.0812],[-47.2475,-2.4999],[-47.723,-2.9197],[-47.9343,-3.2702],[-48.1393,-3.5393],[-48.7844,-4.1169],[-48.7763,-4.1753],[-48.65,-4.2249],[-48.6308,-4.449],[-48.5913,-4.4398],[-48.6371,-4.8007],[-48.684,-4.886],[-48.6086,-4.9756],[-48.6458,-5.0169],[-48.6722,-5.0061],[-48.7595,-5.2465],[-48.889,-5.3078],[-48.9708,-5.2671],[-49.0355,-5.3139],[-49.0997,-5.2979],[-49.168,-5.344],[-49.0988,-5.3622],[-49.1351,-5.4363],[-49.0465,-5.531],[-49.1169,-5.5706]]]}},{"type":"Feature","properties":{"nome":"Paraná","situacao":"Terrestre"},"geometry":{"type":"Polygon","coordinates":[[[-54.9727,-17.6191],[-54.9643,-17.5236],[-54.9895,-17.5372],[-54.9944,-17.4917],[-54.9124,-17.3513],[-54.9293,-17.2955],[-54.9816,-17.2679],[-54.9373,-17.2458],[-54.8934,-17.0885],[-54.9262,-17.0689],[-54.9397,-16.9593],[-54.8973,-16.7897],[-54.9337,-16.781],[-54.9403,-16.7084],[-54.9898,-16.682],[-54.9558,-16.6367],[-54.978,-16.5686],[-54.9516,-16.564],[-55.0202,-16.5358],[-55.1416,-16.564],[-55.2892,-16.5371],[-55.2653,-16.5028],[-55.3879,-16.4098],[-55.3599,-16.3902],[-55.3678,-16.3457],[-55.4778,-16.2993],[-55.5211,-16.3156],[-55.5287,-16.2607],[-55.3558,-16.112],[-55.3451,-16.0322],[-55.386,-16.0008],[-55.3924,-15.9253],[-55.3308,-15.9164],[-55.3202,-15.8806],[-55.3883,-15.8728],[-55.3603,-15.8553],[-55.4236,-15.8067],[-55.3729,-15.6661],[-55.4088,-15.6375],[-55.5489,-15.6841],[-55.4779,-15.5816],[-55.519,-15.599],[-55.5278,-15.5557],[-55.5753,-15.5837],[-55.5617,-15.5371],[-55.5929,-15.5541],[-55.6105,-15.4915],[-55.8312,-15.4811],[-55.8777,-15.4223],[-55.8418,-15.4073],[-55.8641,-15.3806],[-55.8351,-15.3563],[-55.8746,-15.3123],[-55.9996,-15.3453],[-55.9911,-15.2833],[-56.0205,-15.2934],[-56.0181,-15.2678],[-55.9798,-15.1887],[-56.0308,-15.0916],[-55.8199,-14.9121],[-55.7856,-14.9388],[-55.722,-14.8992],[-55.5796,-14.8815],[-55.5928,-14.911],[-55.4504,-14.8879],[-55.311,-14.9276],[-55.296,-14.9081],[-55.1518,-14.9626],[-55.121,-15.0031],[-55.107,-14.974],[-55.0078,-15.0012],[-54.9964,-15.0406],[-54.8748,-15.0499],[-54.8575,-15.0251],[-54.8476,-15.0485],[-54.6132,-14.8899],[-54.6416,-14.8498],[-54.5864,-14.8304],[-54.6199,-14.8278],[-54.5672,-14.7853],[-54.5765,-14.754],[-54.5023,-14.7507],[-54.4996,-14.7024],[-54.4786,-14.7305],[-54.467,-14.7018],[-54.3508,-14.6944],[-54.3165,-14.7247],[-54.1913,-14.6889],[-54.2473,-14.6586],[-54.3273,-14.6793],[-54.3527,-14.6521],[-54.3326,-14.6352],[-54.1495,-14.6003],[-54.0691,-14.6284],[-53.9599,-14.5752],[-54.0495,-14.5647],[-54.0169,-14.5471],[-53.9308,-14.5638],[-53.9543,-14.5528],[-53.8545,-14.4977],[-53.7005,-14.4885],[-53.6577,-14.4569],[-53.6145,-14.4895],[-53.59,-14.4476],[-53.5202,-14.4526],[-53.4053,-14.3727],[-53.3898,-14.4054],[-53.2081,-14.3598],[-53.2363,-14.396],[-53.1297,-14.3898],[-53.0794,-14.3241],[-53.0251,-14.3437],[-53.085,-14.3859],[-52.8721,-14.3623],[-52.8699,-14.3121],[-52.8204,-14.2839],[-52.8372,-14.2388],[-52.7696,-14.2178],[-52.7572,-14.248],[-52.7943,-14.2593],[-52.7546,-14.2657],[-52.7722,-14.2869],[-52.7168,-14.2738],[-52.7571,-14.3157],[-52.6655,-14.3591],[-52.7235,-14.3795],[-52.6537,-14.3991],[-52.6799,-14.4208],[-52.6542,-14.4577],[-52.7008,-14.4513],[-52.7462,-14.4972],[-52.588,-14.4839],[-52.6188,-14.5146],[-52.5262,-14.5246],[-52.6046,-14.5388],[-52.5637,-14.5454],[-52.5507,-14.5996],[-52.6153,-14.6048],[-52.4992,-14.6119],[-52.5815,-14.6316],[-52.5981,-14.6717],[-52.5955,-14.6228],[-52.6319,-14.6308],[-52.6199,-14.6844],[-52.6758,-14.6916],[-52.5899,-14.7213],[-52.6282,-14.7433],[-52.6314,-14.7926],[-52.6739,-14.7871],[-52.6397,-14.802],[-52.6679,-14.893],[-52.634,-14.8199],[-52.5713,-14.8088],[-52.5955,-14.8076],[-52.5924,-14.7657],[-52.5084,-14.7259],[-52.4533,-14.7441],[-52.484,-14.7722],[-52.4988,-14.887],[-52.4576,-14.9003],[-52.5003,-15.133],[-52.4685,-15.1655],[-52.4788,-15.2025],[-52.4429,-15.1919],[-52.4417,-15.15],[-52.3971,-15.1467],[-52.3966,-15.1892],[-52.3514,-15.1715],[-52.3494,-15.2415],[-52.3389,-15.1683],[-52.3163,-15.1913],[-52.341,-15.1315],[-52.2311,-15.1344],[-52.2767,-15.3138],[-52.1778,-15.318],[-52.2823,-15.3426],[-52.2503,-15.3732],[-52.3478,-15.3948],[-52.3269,-15.4135],[-52.3478,-15.4287],[-52.3972,-15.407],[-52.3997,-15.4445],[-52.518,-15.4932],[-52.435,-15.5624],[-52.4515,-15.6711],[-52.4038,-15.6996],[-52.3496,-15.6832],[-52.3794,-15.7465],[-52.2929,-15.7226],[-52.3169,-15.7663],[-52.2409,-15.7612],[-52.2504,-15.8174],[-52.1522,-15.7749],[-52.2226,-15.862],[-52.067,-15.8379],[-52.0257,-15.8819],[-51.9337,-15.9061],[-51.8595,-15.8887],[-51.8745,-15.9742],[-51.7455,-16.0108],[-51.9379,-16.0715],[-51.9459,-16.0415],[-52.0504,-16.1733],[-52.1386,-16.1624],[-52.338,-16.2405],[-52.3387,-16.2877],[-52.4545,-16.2932],[-52.4399,-16.3158],[-52.4918,-16.3082],[-52.5491,-16.3467],[-52.4598,-16.3277],[-52.4711,-16.3559],[-52.434,-16.3864],[-52.4046,-16.3652],[-52.4279,-16.3623],[-52.4248,-16.3425],[-52.3551,-16.3059],[-52.2093,-16.3227],[-52.2044,-16.3879],[-52.2398,-16.4165],[-52.2055,-16.4219],[-52.193,-16.4646],[-52.1057,-16.4144],[-52.094,-16.4705],[-52.0437,-16.4742],[-52.0327,-16.511],[-51.9952,-16.4978],[-51.9694,-16.5462],[-51.9402,-16.5203],[-51.8507,-16.6203],[-51.773,-16.5749],[-51.6979,-16.6065],[-51.5798,-16.5772],[-51.5336,-16.5903],[-51.5569,-16.6351],[-51.5476,-16.6498],[-51.4412,-16.5378],[-51.3978,-16.5398],[-51.4477,-16.5852],[-51.3873,-16.5996],[-51.3756,-16.5129],[-51.4145,-16.5286],[-51.4193,-16.4856],[-51.3813,-16.5003],[-51.3724,-16.47],[-51.3164,-16.5182],[-51.4251,-16.3255],[-51.3583,-16.3972],[-51.3114,-16.3892],[-51.1858,-16.5483],[-51.1432,-16.533],[-51.1508,-16.4955],[-51.1088,-16.539],[-51.1914,-16.5517],[-51.1506,-16.6029],[-51.1987,-16.5922],[-51.1869,-16.635],[-51.1181,-16.615],[-51.1171,-16.6771],[-51.1394,-16.6363],[-51.1716,-16.6671],[-51.2087,-16.6135],[-51.1401,-16.8179],[-51.1062,-16.7453],[-51.1459,-16.6998],[-51.1117,-16.6912],[-51.0944,-16.6424],[-51.0639,-16.6533],[-51.1037,-16.7042],[-51.0677,-16.7078],[-51.1043,-16.7247],[-51.0815,-16.7657],[-51.077,-16.7313],[-51.0432,-16.7248],[-51.0645,-16.6889],[-51.0278,-16.6878],[-51.0463,-16.6367],[-51.0904,-16.6297],[-51.0499,-16.5789],[-51.0767,-16.5107],[-51.0389,-16.4997],[-51.0456,-16.5405],[-51.0142,-16.5314],[-51.0209,-16.4739],[-50.9736,-16.4128],[-51.0087,-16.558],[-50.9807,-16.534],[-50.972,-16.5764],[-50.9532,-16.5526],[-50.8768,-16.5793],[-50.9027,-16.6281],[-50.8901,-16.6537],[-50.8709,-16.6014],[-50.8564,-16.6464],[-50.8292,-16.6414],[-50.8456,-16.7104],[-50.8339,-16.7362],[-50.814,-16.6943],[-50.816,-16.7331],[-50.7522,-16.7896],[-50.7447,-16.8187],[-50.7738,-16.8314],[-50.7639,-16.853],[-50.7622,-16.8281],[-50.726,-16.8353],[-50.7375,-16.8102],[-50.6556,-16.838],[-50.6712,-16.7894],[-50.6345,-16.7779],[-50.6684,-16.7782],[-50.6199,-16.7013],[-50.7289,-16.8063],[-50.7707,-16.7475],[-50.6752,-16.7484],[-50.6689,-16.724],[-50.7862,-16.7388],[-50.8093,-16.7235],[-50.7822,-16.6927],[-50.8214,-16.6508],[-50.7847,-16.6508],[-50.7508,-16.7117],[-50.7815,-16.6472],[-50.7258,-16.657],[-50.7666,-16.6358],[-50.7378,-16.6063],[-50.7744,-16.6217],[-50.7335,-16.5949],[-50.7115,-16.6186],[-50.6897,-16.7058],[-50.6779,-16.7101],[-50.6725,-16.629],[-50.6595,-16.681],[-50.6394,-16.6326],[-50.6055,-16.671],[-50.5972,-16.6425],[-50.568,-16.7121],[-50.5958,-16.7504],[-50.5453,-16.7325],[-50.5295,-16.7874],[-50.563,-16.8204],[-50.5647,-16.7745],[-50.5766,-16.7813],[-50.5744,-16.8276],[-50.5999,-16.7737],[-50.5981,-16.8466],[-50.4911,-16.9019],[-50.5189,-16.8841],[-50.5009,-16.8673],[-50.5738,-16.8418],[-50.5047,-16.85],[-50.4952,-16.8284],[-50.4797,-16.8225],[-50.483,-16.8751],[-50.4429,-16.8696],[-50.4014,-16.9283],[-50.4238,-16.9547],[-50.2893,-16.9789],[-50.3022,-17.0486],[-50.3338,-17.0113],[-50.3574,-17.0092],[-50.3053,-17.0563],[-50.3209,-17.0949],[-50.2877,-17.1244],[-50.2974,-17.13],[-50.3185,-17.1075],[-50.3831,-17.0964],[-50.3152,-17.1142],[-50.3834,-17.1652],[-50.333,-17.2116],[-50.3643,-17.222],[-50.3446,-17.3021],[-50.2944,-17.2791],[-50.2835,-17.3162],[-50.2024,-17.3234],[-50.2082,-17.3629],[-50.1738,-17.3659],[-50.1382,-17.2992],[-50.0983,-17.2954],[-50.0531,-17.3981],[-50.0191,-17.3762],[-50.0371,-17.4314],[-49.8842,-17.4478],[-49.9032,-17.4963],[-49.8297,-17.4701],[-49.7929,-17.5288],[-49.8186,-17.5336],[-49.8249,-17.5961],[-49.7354,-17.6897],[-49.7055,-17.6788],[-49.7465,-17.7319],[-49.6725,-17.702],[-49.7003,-17.7447],[-49.6679,-17.741],[-49.6758,-17.77],[-49.6596,-17.7483],[-49.5711,-17.7738],[-49.6064,-17.7315],[-49.5577,-17.7198],[-49.5872,-17.6532],[-49.5322,-17.6313],[-49.5026,-17.6814],[-49.5488,-17.7604],[-49.4596,-17.7691],[-49.4848,-17.7768],[-49.4654,-17.7913],[-49.5378,-17.7829],[-49.4583,-17.8246],[-49.5043,-17.8407],[-49.4682,-17.8479],[-49.4731,-17.898],[-49.5198,-17.8628],[-49.4708,-17.9369],[-49.5229,-17.8991],[-49.5269,-17.8],[-49.5533,-17.7914],[-49.5317,-17.8439],[-49.5914,-17.8101],[-49.5383,-17.8757],[-49.5907,-17.8684],[-49.5337,-17.8877],[-49.4658,-17.9962],[-49.4022,-18.015],[-49.4155,-17.974],[-49.3588,-17.9595],[-49.3569,-17.909],[-49.3177,-17.9104],[-49.31,-17.8778],[-49.3331,-17.8999],[-49.3553,-17.8945],[-49.3325,-17.8205],[-49.3262,-17.8562],[-49.3105,-17.8078],[-49.2719,-17.7965],[-49.2783,-17.7366],[-49.2518,-17.7942],[-49.2035,-17.7892],[-49.1751,-17.8242],[-49.1534,-17.8048],[-49.1602,-17.8404],[-49.1156,-17.8722],[-49.1377,-17.8894],[-49.1068,-17.9013],[-49.1029,-17.9113],[-49.1496,-17.9212],[-49.1383,-17.9073],[-49.1699,-17.8392],[-49.1615,-17.92],[-49.0777,-17.9811],[-49.1006,-18.0492],[-49.0371,-18.0321],[-49.0581,-18.082],[-49.0235,-18.0638],[-49.0026,-18.0755],[-49.044,-18.11],[-49.0187,-18.1299],[-48.9872,-18.1084],[-48.9718,-18.1578],[-48.9309,-18.1408],[-48.8654,-18.2216],[-48.9086,-18.2284],[-48.9108,-18.1833],[-48.943,-18.1712],[-48.9337,-18.2136],[-48.963,-18.2593],[-48.9595,-18.2016],[-48.9821,-18.2315],[-48.9979,-18.1517],[-49.0221,-18.1557],[-49.0232,-18.1982],[-49.0479,-18.1983],[-49.0213,-18.2277],[-49.0494,-18.2418],[-49.0131,-18.2592],[-49.0797,-18.3337],[-49.049,-18.3472],[-49.0724,-18.3546],[-49.0593,-18.3895],[-49.1551,-18.4028],[-49.1648,-18.3384],[-49.1089,-18.3158],[-49.0713,-18.2392],[-49.0898,-18.219],[-49.1724,-18.3384],[-49.1447,-18.2846],[-49.1745,-18.289],[-49.134,-18.2519],[-49.1708,-18.2764],[-49.1891,-18.2502],[-49.1244,-18.1429],[-49.1538,-18.135],[-49.208,-18.2173],[-49.2288,-18.2108],[-49.21,-18.1844],[-49.2525,-18.1791],[-49.1497,-18.1138],[-49.1609,-18.0519],[-49.1309,-18.0732],[-49.1234,-18.0067],[-49.1533,-18.0242],[-49.1421,-17.9912],[-49.1718,-18.003],[-49.178,-17.9724],[-49.2091,-18.0207],[-49.188,-18.0355],[-49.1863,-18.0513],[-49.2109,-18.0522],[-49.2306,-17.9646],[-49.2507,-18.0545],[-49.2072,-18.0834],[-49.2317,-18.0779],[-49.2368,-18.1126],[-49.2567,-18.0868],[-49.2384,-18.1273],[-49.2888,-18.1561],[-49.1815,-18.3106],[-49.1731,-18.4143],[-49.1452,-18.4017],[-49.1082,-18.4752],[-49.0902,-18.458],[-49.0303,-18.5118],[-48.911,-18.4454],[-48.8315,-18.476],[-48.7943,-18.4389],[-48.6927,-18.4556],[-48.6555,-18.3925],[-48.6181,-18.5002],[-48.6641,-18.5024],[-48.5682,-18.5803],[-48.5992,-18.6139],[-48.5454,-18.5888],[-48.542,-18.6367],[-48.4732,-18.6325],[-48.4982,-18.6537],[-48.4202,-18.6728],[-48.4153,-18.7122],[-48.3919,-18.6787],[-48.3726,-18.7002],[-48.3909,-18.6657],[-48.3533,-18.6491],[-48.3583,-18.7071],[-48.2635,-18.7374],[-48.3112,-18.7726],[-48.2397,-18.7925],[-48.2637,-18.8317],[-48.2174,-18.8126],[-48.2146,-18.7645],[-48.1656,-18.8279],[-48.111,-18.8223],[-48.105,-18.9151],[-48.0886,-18.8949],[-48.02,-18.9213],[-48.0075,-19.0079],[-47.9662,-18.9723],[-47.995,-18.9658],[-47.9928,-18.8943],[-48.0252,-18.91],[-48.0117,-18.8566],[-48.0685,-18.8658],[-48.0672,-18.8065],[-48.1208,-18.7893],[-48.1447,-18.7229],[-48.1804,-18.7126],[-48.216,-18.7566],[-48.2121,-18.7039],[-48.2901,-18.7164],[-48.2189,-18.6715],[-48.2698,-18.6506],[-48.2832,-18.5784],[-48.354,-18.6233],[-48.3921,-18.5941],[-48.4158,-18.6385],[-48.449,-18.5736],[-48.5461,-18.5269],[-48.5144,-18.4611],[-48.4215,-18.4434],[-48.3705,-18.4804],[-48.3776,-18.5081],[-48.2255,-18.4147],[-48.2025,-18.4984],[-48.1612,-18.5039],[-48.1631,-18.6112],[-48.0919,-18.6223],[-48.077,-18.6982],[-48.0739,-18.671],[-48.0227,-18.6899],[-48.0774,-18.6504],[-48.0314,-18.6383],[-48.0683,-18.6299],[-48.0417,-18.6067],[-48.0823,-18.6045],[-48.0586,-18.5842],[-47.9373,-18.6547],[-47.8382,-18.6319],[-47.8535,-18.6575],[-47.7903,-18.6844],[-47.7394,-18.7669],[-47.6914,-18.7342],[-47.7092,-18.798],[-47.6731,-18.8076],[-47.6596,-18.8922],[-47.652,-18.856],[-47.6201,-18.8658],[-47.6125,-18.9002],[-47.572,-18.9313],[-47.6033,-18.8872],[-47.5514,-18.8533],[-47.6488,-18.8422],[-47.6313,-18.8044],[-47.6728,-18.7652],[-47.6249,-18.7645],[-47.6423,-18.735],[-47.6132,-18.7597],[-47.6041,-18.8124],[-47.5521,-18.7713],[-47.441,-18.8173],[-47.46,-18.8669],[-47.4238,-18.8557],[-47.4101,-18.908],[-47.2782,-18.9055],[-47.3399,-18.8811],[-47.2996,-18.892],[-47.3153,-18.8467],[-47.2907,-18.8508],[-47.2661,-18.9101],[-47.3206,-18.9964],[-47.288,-19.0347],[-47.378,-18.9921],[-47.3781,-19.0264],[-47.4538,-19.0427],[-47.4885,-19.0019],[-47.4853,-19.0747],[-47.522,-19.0407],[-47.5356,-19.0726],[-47.5402,-19.0195],[-47.5755,-19.0981],[-47.4677,-19.2146],[-47.4649,-19.1693],[-47.4138,-19.2109],[-47.3008,-19.3972],[-47.2458,-19.4214],[-47.3323,-19.5654],[-47.2626,-19.6333],[-47.4036,-19.6321],[-47.2603,-19.6582],[-47.2731,-19.7455],[-47.3266,-19.767],[-47.3384,-19.7359],[-47.3502,-19.7656],[-47.2285,-19.8625],[-47.2268,-19.9314],[-47.1193,-20.0015],[-47.1134,-20.0533],[-46.8531,-20.1394],[-46.826,-20.1443],[-46.818,-20.1099],[-46.7039,-20.137],[-46.7179,-20.1616],[-46.7916,-20.1401],[-46.7642,-20.1776],[-46.9949,-20.1234],[-47.0165,-20.1472],[-47.0752,-20.1065],[-47.0437,-20.1941],[-47.1297,-20.1899],[-47.1336,-20.1546],[-47.1478,-20.2057],[-47.1594,-20.1449],[-47.1925,-20.1832],[-47.2324,-20.1659],[-47.1832,-20.1277],[-47.3834,-20.0593],[-47.3481,-20.0552],[-47.3787,-20.0218],[-47.3272,-19.9811],[-47.3556,-19.8754],[-47.5184,-19.9115],[-47.5102,-19.9755],[-47.4436,-19.9909],[-47.4605,-20.0621],[-47.3944,-20.1132],[-47.396,-20.1511],[-47.3302,-20.1753],[-47.3158,-20.1351],[-47.2621,-20.1787],[-47.2946,-20.2399],[-47.2471,-20.2601],[-47.2599,-20.2757],[-47.1518,-20.3257],[-47.0868,-20.3172],[-47.0424,-20.3667],[-46.9976,-20.487],[-47.0275,-20.5615],[-46.9911,-20.5705],[-47.0432,-20.5591],[-47.0461,-20.6084],[-47.0796,-20.6145],[-47.0564,-20.6231],[-47.0592,-20.6998],[-46.9927,-20.6663],[-46.9942,-20.6944],[-46.9711,-20.689],[-46.9921,-20.7341],[-46.9465,-20.7853],[-46.9561,-20.8165],[-46.982,-20.7871],[-46.9704,-20.8422],[-46.9397,-20.8377],[-46.9327,-20.8816],[-46.9181,-20.8573],[-46.8545,-20.9712],[-46.8809,-21.0168],[-46.7744,-21.1243],[-46.8105,-21.141],[-46.797,-21.1103],[-46.8311,-21.1024],[-46.8673,-21.1176],[-46.8384,-21.147],[-46.9134,-21.1389],[-46.9057,-21.1698],[-46.9251,-21.1573],[-46.9753,-21.2279],[-46.9832,-21.3126],[-47.0031,-21.3263],[-47.0008,-21.2894],[-47.0354,-21.3045],[-47.0182,-21.3478],[-46.969,-21.3435],[-47.0042,-21.4003],[-47.0202,-21.5621],[-47.0481,-21.5765],[-46.9569,-21.7828],[-46.9241,-21.7862],[-46.9377,-21.8154],[-46.9077,-21.7848],[-46.8852,-21.8096],[-46.8997,-21.8974],[-46.8467,-22.0087],[-46.8653,-22.0299],[-46.8177,-22.0467],[-46.8457,-22.066],[-46.828,-22.1061],[-46.8687,-22.1317],[-46.8674,-22.2286],[-46.9019,-22.2336],[-46.8671,-22.2642],[-46.8847,-22.3147],[-46.8563,-22.3272],[-46.93,-22.3712],[-46.8604,-22.4186],[-46.9158,-22.4909],[-46.8968,-22.5658],[-46.9354,-22.5667],[-46.9248,-22.6279],[-47.0139,-22.6971],[-47.0003,-22.731],[-47.0312,-22.7448],[-47.0049,-22.7849],[-47.078,-22.8365],[-47.0402,-22.9045],[-47.1001,-22.9681],[-47.0824,-23.0521],[-47.1561,-23.0761],[-47.1394,-23.1599],[-47.3056,-23.2111],[-47.2722,-23.2749],[-47.306,-23.3713],[-47.3993,-23.4919],[-47.5233,-23.5427],[-47.4948,-23.6143],[-47.617,-23.7023],[-47.5792,-23.7324],[-47.7113,-23.8415],[-47.7715,-23.8387],[-47.8711,-23.9146],[-47.8527,-23.9608],[-47.9031,-23.9123],[-47.9773,-23.9475],[-47.9092,-23.9395],[-47.9094,-23.9733],[-48.0844,-24.0002],[-48.0956,-24.0631],[-48.1248,-24.0282],[-48.2235,-24.0618],[-48.3115,-24.0024],[-48.3803,-24.0457],[-48.3527,-24.0684],[-48.3996,-24.0611],[-48.4182,-24.1019],[-48.4263,-24.0422],[-48.5497,-23.9913],[-48.5909,-24.034],[-48.5907,-23.9969],[-48.6471,-24.0209],[-48.6045,-24.0391],[-48.6357,-24.0606],[-48.668,-24.0107],[-48.7331,-23.9974],[-48.7651,-24.1221],[-48.8066,-24.1345],[-48.8265,-24.1083],[-48.7828,-24.0919],[-48.7935,-24.0359],[-48.831,-24.0941],[-48.893,-24.016],[-48.8987,-24.123],[-48.9518,-24.1333],[-48.9354,-24.1001],[-48.9725,-24.06],[-48.9718,-24.1585],[-49.0335,-24.1875],[-49.0384,-24.2071],[-48.992,-24.1886],[-49.0414,-24.2574],[-49.0862,-24.2521],[-49.0155,-24.1444],[-49.0659,-24.1834],[-49.0788,-24.1498],[-49.0872,-24.2091],[-49.216,-24.3],[-49.2689,-24.2983],[-49.2934,-24.2328],[-49.3605,-24.2122],[-49.3359,-24.2824],[-49.494,-24.3193],[-49.482,-24.2295],[-49.5235,-24.3343],[-49.5813,-24.3787],[-49.6753,-24.355],[-49.6987,-24.3067],[-49.7154,-24.382],[-49.7851,-24.4315],[-49.9024,-24.4342],[-49.9284,-24.4791],[-50.0739,-24.5135],[-50.0911,-24.5672],[-50.1398,-24.5311],[-50.1132,-24.5622],[-50.1648,-24.6251],[-50.2322,-24.5667],[-50.1383,-24.7346],[-50.1686,-24.7384],[-50.113,-24.8708],[-50.0598,-24.926],[-50.0583,-25.0235],[-49.9624,-25.0837],[-49.9508,-25.1377],[-49.9405,-25.1134],[-49.9293,-25.1469],[-49.8765,-25.1319],[-49.8906,-25.1916],[-49.8178,-25.2218],[-49.8275,-25.3004],[-49.7308,-25.3538],[-49.6882,-25.4347],[-49.7146,-25.4329],[-49.7062,-25.463],[-49.6302,-25.4499],[-49.7143,-25.6062],[-49.6232,-25.7091],[-49.6603,-25.7703],[-49.5911,-25.891],[-49.6207,-25.8985],[-49.5209,-26.0175],[-49.4634,-26.0122],[-49.492,-26.1128],[-49.4638,-26.1731],[-49.486,-26.1723],[-49.4875,-26.1907],[-49.4606,-26.178],[-49.3629,-26.2635],[-49.4371,-26.2869],[-49.3715,-26.2873],[-49.3966,-26.321],[-49.3444,-26.3913],[-49.3774,-26.4424],[-49.3188,-26.4826],[-49.325,-26.5199],[-49.2947,-26.5032],[-49.2784,-26.533],[-49.2984,-26.6067],[-49.3176,-26.5569],[-49.3718,-26.5573],[-49.3355,-26.6151],[-49.3468,-26.6378],[-49.387,-26.5949],[-49.4065,-26.6109],[-49.3799,-26.6218],[-49.3559,-26.7215],[-49.394,-26.6896],[-49.4142,-26.7166],[-49.4304,-26.6828],[-49.4576,-26.692],[-49.4115,-26.7658],[-49.4511,-26.7554],[-49.4572,-26.8582],[-49.4266,-26.8552],[-49.4354,-26.8225],[-49.4284,-26.8042],[-49.4156,-26.7973],[-49.4213,-26.8415],[-49.3748,-26.852],[-49.3988,-26.906],[-49.4685,-26.9834],[-49.4874,-26.9521],[-49.5403,-26.9976],[-49.5425,-26.9617],[-49.565,-27.0163],[-49.6027,-27.0209],[-49.5339,-27.109],[-49.5579,-27.1154],[-49.5358,-27.1698],[-49.4666,-27.1527],[-49.4711,-27.1173],[-49.4419,-27.1719],[-49.3769,-27.1246],[-49.3811,-27.1654],[-49.3364,-27.1534],[-49.3371,-27.2126],[-49.2756,-27.165],[-49.2506,-27.207],[-49.3772,-27.2877],[-49.3184,-27.2949],[-49.3348,-27.3477],[-49.3294,-27.3509],[-49.2787,-27.3248],[-49.3088,-27.3118],[-49.2884,-27.2679],[-49.2549,-27.2764],[-49.2727,-27.3036],[-49.2523,-27.314],[-49.1994,-27.281],[-49.21,-27.3267],[-49.2603,-27.3382],[-49.2733,-27.4286],[-49.2665,-27.4386],[-49.2437,-27.4393],[-49.2595,-27.3998],[-49.2227,-27.4055],[-49.1809,-27.3573],[-49.1805,-27.3987],[-49.1404,-27.407],[-49.1497,-27.442],[-49.1067,-27.4876],[-49.1921,-27.5071],[-49.1546,-27.5283],[-49.2084,-27.5353],[-49.2224,-27.5533],[-49.1655,-27.5445],[-49.1646,-27.6287],[-49.1338,-27.6244],[-49.1497,-27.6001],[-49.123,-27.5783],[-49.0731,-27.5932],[-49.0686,-27.6281],[-49.0999,-27.6308],[-49.1129,-27.6431],[-49.0687,-27.6506],[-49.1032,-27.7853],[-49.1505,-27.7632],[-49.1742,-27.8091],[-49.1444,-27.8596],[-49.186,-27.8355],[-49.1325,-27.8926],[-49.1608,-27.928],[-49.1097,-27.9789],[-49.1439,-27.9686],[-49.1534,-28.0002],[-49.1965,-27.8675],[-49.2171,-27.9013],[-49.1576,-28.0121],[-49.1937,-28.0248],[-49.16,-28.0369],[-49.1556,-28.0617],[-49.2071,-28.0243],[-49.2315,-28.0491],[-49.1566,-28.1032],[-49.2937,-28.0989],[-49.2466,-28.1524],[-49.3153,-28.1404],[-49.2958,-28.1737],[-49.3336,-28.1783],[-49.2851,-28.1998],[-49.2967,-28.2312],[-49.236,-28.2835],[-49.3136,-28.3],[-49.2769,-28.3267],[-49.2655,-28.415],[-49.3053,-28.4595],[-49.2607,-28.59],[-49.3252,-28.5993],[-49.2213,-28.6861],[-49.3151,-28.6983],[-49.264,-28.7047],[-49.3105,-28.7416],[-49.2709,-28.7574],[-49.3335,-28.7612],[-49.3374,-28.7893],[-49.3681,-28.7663],[-49.3601,-28.8006],[-49.3918,-28.8207],[-49.4314,-28.7655],[-49.3922,-28.7201],[-49.4473,-28.7169],[-49.4867,-28.6554],[-49.4911,-28.6865],[-49.546,-28.658],[-49.5321,-28.6048],[-49.5708,-28.5417],[-49.5626,-28.6039],[-49.5959,-28.6142],[-49.5551,-28.6165],[-49.5639,-28.6579],[-49.622,-28.6662],[-49.5556,-28.6833],[-49.5856,-28.7117],[-49.5734,-28.7653],[-49.6123,-28.7561],[-49.5985,-28.6998],[-49.6375,-28.7318],[-49.6199,-28.8263],[-49.6556,-28.8298],[-49.6551,-28.7471],[-49.6211,-28.6922],[-49.6627,-28.6691],[-49.7161,-28.7024],[-49.6791,-28.7252],[-49.6787,-28.7936],[-49.7492,-28.7587],[-49.7428,-28.6751],[-49.7822,-28.7447],[-49.7642,-28.7781],[-49.7861,-28.7732],[-49.6846,-28.8725],[-49.8007,-28.8313],[-49.823,-28.7544],[-49.8651,-28.7703],[-49.8319,-28.7912],[-49.8411,-28.8261],[-49.8851,-28.7866],[-49.9097,-28.8073],[-49.8555,-28.8378],[-49.8906,-28.8765],[-49.8377,-28.8609],[-49.7664,-28.9205],[-49.8744,-28.9026],[-49.8055,-28.9363],[-49.8671,-28.9337],[-49.862,-28.949],[-49.7654,-28.9664],[-49.8267,-29.0097],[-49.8698,-28.9839],[-49.8899,-29.0186],[-49.8459,-29.0054],[-49.8536,-29.0282],[-49.8252,-29.0498],[-49.8151,-29.0251],[-49.7863,-29.0639],[-49.7837,-29.0148],[-49.7524,-29.0237],[-49.7545,-29.0549],[-49.7039,-29.0709],[-49.766,-29.0761],[-49.7153,-29.1203],[-49.7874,-29.0715],[-49.8726,-29.0756],[-49.8971,-29.1069],[-49.9284,-29.0898],[-49.9279,-29.1512],[-49.9878,-29.1715],[-49.9708,-29.1999],[-50.0605,-29.2235],[-50.0503,-29.255],[-50.0184,-29.2326],[-50.0386,-29.2582],[-50.0164,-29.2724],[-49.9983,-29.2279],[-49.9559,-29.2471],[-49.9656,-29.2127],[-49.923,-29.2132],[-49.923,-29.2916],[-49.991,-29.3204],[-49.9409,-29.3134],[-49.9385,-29.3605],[-49.9746,-29.377],[-49.9307,-29.3972],[-49.968,-29.415],[-49.9143,-29.4014],[-49.9856,-29.4511],[-49.9257,-29.4373],[-49.993,-29.4798],[-49.9869,-29.5128],[-50.0388,-29.5392],[-50.1171,-29.4652],[-50.1075,-29.4292],[-50.1822,-29.3941],[-50.1029,-29.5068],[-50.1284,-29.5124],[-50.1266,-29.5347],[-50.103,-29.5207],[-50.136,-29.5704],[-50.0983,-29.5337],[-50.0723,-29.5535],[-50.0749,-29.5852],[-50.1354,-29.6139],[-50.1107,-29.6458],[-50.1609,-29.6945],[-50.1331,-29.6969],[-50.1468,-29.7223],[-50.1844,-29.6853],[-50.1501,-29.6546],[-50.2577,-29.6133],[-50.2731,-29.5723],[-50.2435,-29.5512],[-50.2824,-29.5594],[-50.3111,-29.506],[-50.2944,-29.5865],[-50.2424,-29.6373],[-50.258,-29.6534],[-50.2287,-29.6522],[-50.2322,-29.6818],[-50.2098,-29.6613],[-50.1681,-29.7559],[-50.1789,-29.7829],[-50.2063,-29.7381],[-50.2272,-29.7601],[-50.2123,-29.7912],[-50.2597,-29.8747],[-50.3385,-29.8962],[-50.407,-29.8581],[-50.4658,-29.8711],[-50.4832,-29.911],[-50.4933,-29.8763],[-50.5532,-29.8569],[-50.5625,-29.88],[-50.6758,-29.8623],[-50.6997,-29.901],[-50.7354,-29.8733],[-50.7263,-29.9552],[-50.7673,-29.958],[-50.7899,-29.9853],[-50.8455,-29.9373],[-50.8649,-29.9734],[-50.9286,-29.9876],[-50.8711,-30.0055],[-50.8171,-29.9658],[-50.7892,-29.993],[-50.7035,-29.9597],[-50.7837,-30.0005],[-50.7534,-30.0081],[-50.6119,-29.9367],[-50.6805,-29.95],[-50.7139,-29.9043],[-50.5949,-29.9375],[-50.4802,-29.9243],[-50.6816,-29.9971],[-50.694,-30.0379],[-50.73,-30.0199],[-50.727,-30.0426],[-50.8241,-30.0709],[-50.8003,-30.0859],[-50.8424,-30.0963],[-50.7952,-30.1154],[-50.8685,-30.1238],[-50.8237,-30.1053],[-50.8504,-30.0972],[-50.8652,-30.0451],[-50.8985,-30.1138],[-50.8813,-30.1328],[-50.8327,-30.1237],[-50.8189,-30.1323],[-50.8929,-30.1444],[-50.9324,-30.106],[-50.9472,-30.163],[-50.974,-30.1865],[-50.9964,-30.1761],[-50.9538,-30.157],[-50.9613,-30.1163],[-51.0021,-30.1205],[-51.0094,-30.1541],[-51.0221,-30.1112],[-51.0721,-30.1534],[-51.0927,-30.1259],[-51.0254,-30.1068],[-51.0557,-30.0972],[-51.042,-30.0852],[-51.0016,-30.1147],[-50.9947,-30.0492],[-50.9407,-30.0526],[-50.9352,-30.0332],[-50.9746,-30.0447],[-50.9888,-30.0102],[-51.047,-29.9804],[-51.0028,-30.0178],[-51.0177,-30.0805],[-51.0594,-30.0106],[-51.0818,-30.0221],[-51.0521,-30.0409],[-51.0654,-30.0884],[-51.0942,-30.0234],[-51.1293,-30.0412],[-51.126,-30.016],[-51.1569,-30.0156],[-51.1903,-30.0451],[-51.1219,-30.0703],[-51.0908,-30.0965],[-51.0929,-30.1158],[-51.2019,-30.0482],[-51.2439,-30.0764],[-51.2353,-30.0388],[-51.2984,-30.0049],[-51.3287,-30.1714],[-51.3075,-30.1828],[-51.3247,-30.2345],[-51.2729,-30.2561],[-51.2966,-30.2815],[-51.2673,-30.3063],[-51.2917,-30.3133],[-51.2572,-30.3354],[-51.209,-30.3031],[-51.1808,-30.3831],[-51.1268,-30.3616],[-51.1021,-30.3621],[-51.1913,-30.4021],[-51.2433,-30.3485],[-51.2551,-30.3849],[-51.2014,-30.4053],[-51.3194,-30.4459],[-51.316,-30.4903],[-51.3421,-30.5034],[-51.3529,-30.5043],[-51.3633,-30.5035],[-51.3383,-30.4948],[-51.3517,-30.4743],[-51.3852,-30.5581],[-51.4229,-30.5364],[-51.483,-30.5833],[-51.4791,-30.5593],[-51.5862,-30.5392],[-51.4477,-30.5401],[-51.4728,-30.5016],[-51.4586,-30.4498],[-51.3858,-30.4836],[-51.4069,-30.4545],[-51.3714,-30.4209],[-51.4191,-30.4305],[-51.4339,-30.3963],[-51.4468,-30.4382],[-51.4822,-30.433],[-51.5267,-30.4787],[-51.5745,-30.4671],[-51.4412,-30.3793],[-51.4317,-30.3561],[-51.4874,-30.342],[-51.4059,-30.3569],[-51.3515,-30.3303],[-51.426,-30.3384],[-51.4063,-30.2993],[-51.428,-30.266],[-51.5022,-30.2595],[-51.426,-30.244],[-51.3926,-30.2672],[-51.4073,-30.2434],[-51.3737,-30.213],[-51.4289,-30.1931],[-51.5375,-30.222],[-51.4893,-30.1779],[-51.4271,-30.1715],[-51.4765,-30.1547],[-51.3549,-30.1222],[-51.4071,-30.1011],[-51.4216,-30.1273],[-51.4748,-30.1448],[-51.4365,-30.1189],[-51.4535,-30.0973],[-51.4987,-30.1438],[-51.4762,-30.0978],[-51.425,-30.0697],[-51.5324,-30.0456],[-51.4931,-30.0314],[-51.503,-30.0005],[-51.5601,-30.0269],[-51.5344,-30.0687],[-51.5498,-30.1591],[-51.5635,-30.0466],[-51.5767,-30.0696],[-51.6154,-30.0494],[-51.6215,-30.1223],[-51.6438,-30.0816],[-51.6678,-30.1226],[-51.6708,-30.089],[-51.8015,-30.1013],[-51.7842,-30.0417],[-51.8145,-30.0363],[-51.9065,-30.0943],[-51.8796,-30.1122],[-51.9088,-30.1419],[-51.9866,-30.1545],[-51.9667,-30.1861],[-51.9069,-30.1867],[-51.9347,-30.2221],[-52.0029,-30.1656],[-52.0631,-30.1624],[-52.1204,-30.2405],[-52.0125,-30.232],[-51.9538,-30.2656],[-51.9949,-30.2857],[-51.992,-30.2617],[-52.0412,-30.2574],[-52.0991,-30.3],[-52.1643,-30.2237],[-52.1956,-30.3142],[-52.1406,-30.3439],[-52.1489,-30.3675],[-52.2767,-30.2401],[-52.2962,-30.3128],[-52.269,-30.3692],[-52.2991,-30.3345],[-52.2982,-30.2931],[-52.4286,-30.2932],[-52.4302,-30.2712],[-52.4376,-30.2657],[-52.4453,-30.3118],[-52.4727,-30.292],[-52.483,-30.3394],[-52.4564,-30.3893],[-52.4314,-30.3731],[-52.4421,-30.4032],[-52.5081,-30.3512],[-52.5256,-30.28],[-52.5654,-30.3118],[-52.6515,-30.2908],[-52.6885,-30.3318],[-52.8023,-30.2862],[-52.9265,-30.3677],[-52.9344,-30.3105],[-52.9854,-30.4124],[-52.9897,-30.386],[-53.0063,-30.387],[-53.017,-30.4312],[-53.0373,-30.4199],[-53.1342,-30.5041],[-53.1858,-30.4788],[-53.1725,-30.5391],[-53.2023,-30.4693],[-53.2241,-30.472],[-53.2117,-30.5148],[-53.2365,-30.5295],[-53.2217,-30.5658],[-53.2429,-30.5764],[-53.1861,-30.6379],[-53.1816,-30.6732],[-53.2113,-30.6139],[-53.2559,-30.5936],[-53.2741,-30.6183],[-53.2764,-30.6016],[-53.2312,-30.5662],[-53.2472,-30.5505],[-53.2467,-30.5286],[-53.2173,-30.5125],[-53.233,-30.4924],[-53.2827,-30.4888],[-53.3158,-30.5368],[-53.3039,-30.4968],[-53.3452,-30.477],[-53.3587,-30.4876],[-53.375,-30.4786],[-53.3232,-30.4605],[-53.3043,-30.4926],[-53.2847,-30.4754],[-53.2307,-30.4844],[-53.2146,-30.4365],[-53.2493,-30.449],[-53.192,-30.3803],[-53.2376,-30.4126],[-53.2516,-30.3655],[-53.3334,-30.4156],[-53.3042,-30.3737],[-53.3847,-30.3791],[-53.4356,-30.2537],[-53.5308,-30.2416],[-53.5957,-30.2699],[-53.53,-30.1908],[-53.5683,-30.1948],[-53.5624,-30.1539],[-53.6014,-30.1382],[-53.6123,-30.1892],[-53.6912,-30.1954],[-53.7346,-30.2613],[-53.8083,-30.25],[-53.8197,-30.2708],[-53.7568,-30.2802],[-53.7701,-30.2926],[-53.8124,-30.2779],[-53.8669,-30.3108],[-53.8768,-30.2572],[-53.8889,-30.3358],[-53.9482,-30.3398],[-53.94,-30.3056],[-53.9952,-30.2788],[-54.0517,-30.3324],[-54.0525,-30.3162],[-54.0637,-30.3151],[-54.073,-30.3539],[-54.1124,-30.3265],[-54.0424,-30.5341],[-54.1239,-30.3761],[-54.1592,-30.4272],[-54.1573,-30.3883],[-54.2089,-30.385],[-54.1784,-30.4365],[-54.2081,-30.4303],[-54.2024,-30.3981],[-54.2171,-30.3919],[-54.2254,-30.3948],[-54.2099,-30.4268],[-54.2327,-30.4419],[-54.1808,-30.4956],[-54.2829,-30.458],[-54.3674,-30.4728],[-54.3753,-30.506],[-54.3297,-30.5151],[-54.3669,-30.5286],[-54.3322,-30.5497],[-54.3534,-30.5611],[-54.3245,-30.5737],[-54.3298,-30.6075],[-54.1783,-30.6299],[-54.2157,-30.6747],[-54.3424,-30.6372],[-54.319,-30.7162],[-54.0146,-31.0025],[-54.1231,-30.9327],[-54.2451,-30.7902],[-54.3415,-30.7394],[-54.3053,-30.8104],[-54.3798,-30.677],[-54.528,-30.6498],[-54.4478,-30.6771],[-54.4615,-30.7048],[-54.5214,-30.6696],[-54.5089,-30.7486],[-54.5532,-30.7253],[-54.6425,-30.7667],[-54.6125,-30.8464],[-54.6482,-30.8297],[-54.6936,-30.8744],[-54.6557,-30.9124],[-54.6689,-30.952],[-54.5827,-31.0136],[-54.3878,-31.0344],[-54.4331,-31.046],[-54.4348,-31.0753],[-54.4876,-31.0465],[-54.5794,-31.0777],[-54.4968,-31.1637],[-54.5379,-31.1566],[-54.5427,-31.1453],[-54.5643,-31.1339],[-54.5773,-31.1333],[-54.5454,-31.1654],[-54.5898,-31.1437],[-54.5668,-31.2094],[-54.6117,-31.1825],[-54.6367,-31.1764],[-54.64,-31.2115],[-54.6452,-31.1707],[-54.661,-31.2719],[-54.6186,-31.2722],[-54.6038,-31.1933],[-54.5859,-31.2341],[-54.5272,-31.2321],[-54.5015,-31.2683],[-54.4304,-31.2225],[-54.3526,-31.2594],[-54.4073,-31.2873],[-54.3752,-31.3531],[-54.32,-31.3184],[-54.2418,-31.3773],[-54.1462,-31.3482],[-54.1607,-31.3716],[-54.1269,-31.3831],[-54.0778,-31.3519],[-53.9091,-31.3749],[-53.9099,-31.3228],[-53.8715,-31.3096],[-53.889,-31.2928],[-53.8909,-31.2695],[-53.9291,-31.3121],[-53.9307,-31.2538],[-53.966,-31.2935],[-54.0203,-31.2786],[-53.855,-31.2222],[-53.8365,-31.2461],[-53.8682,-31.2526],[-53.8328,-31.2886],[-53.8803,-31.269],[-53.8874,-31.2853],[-53.8528,-31.3182],[-53.8039,-31.3069],[-53.8226,-31.3125],[-53.8407,-31.3318],[-53.8216,-31.3175],[-53.7998,-31.3324],[-53.8504,-31.334],[-53.8467,-31.3504],[-53.7788,-31.3558],[-53.727,-31.2982],[-53.7504,-31.3007],[-53.7416,-31.2545],[-53.6974,-31.2575],[-53.7193,-31.219],[-53.6693,-31.2043],[-53.7002,-31.208],[-53.7093,-31.1652],[-53.6303,-31.1382],[-53.6539,-31.1767],[-53.5917,-31.2048],[-53.6257,-31.2023],[-53.6088,-31.2302],[-53.6404,-31.2024],[-53.6668,-31.1982],[-53.6276,-31.245],[-53.6401,-31.2799],[-53.6661,-31.3072],[-53.7211,-31.2616],[-53.7053,-31.2971],[-53.7376,-31.3141],[-53.6821,-31.2958],[-53.7184,-31.3607],[-53.6775,-31.3683],[-53.6807,-31.4001],[-53.6366,-31.3801],[-53.6349,-31.3381],[-53.6174,-31.3746],[-53.6046,-31.3588],[-53.5908,-31.3825],[-53.611,-31.3961],[-53.6105,-31.4726],[-53.5598,-31.3941],[-53.5922,-31.5145],[-53.6458,-31.5011],[-53.6167,-31.4711],[-53.6357,-31.4552],[-53.6864,-31.5335],[-53.6707,-31.5555],[-53.6916,-31.5654],[-53.6943,-31.5369],[-53.7066,-31.5378],[-53.6958,-31.5664],[-53.6652,-31.586],[-53.6676,-31.5955],[-53.6344,-31.6078],[-53.656,-31.6194],[-53.5875,-31.592],[-53.5809,-31.6113],[-53.7544,-31.8812],[-53.7418,-31.9127],[-53.7042,-31.9008],[-53.7172,-31.9815],[-53.6674,-31.9312],[-53.6857,-31.9884],[-53.6676,-31.9756],[-53.656,-32.0172],[-53.5,-31.9758],[-53.6431,-32.043],[-53.7276,-32.1383],[-53.7462,-32.0797],[-53.8338,-32.0555],[-53.8505,-32.002],[-53.9605,-31.9563],[-53.9705,-31.9194],[-54.04,-31.898],[-54.0884,-31.9367],[-54.455,-31.6539],[-54.4536,-31.6014],[-54.5868,-31.4577],[-54.7603,-31.4261],[-54.8367,-31.443],[-54.892,-31.3761],[-54.9408,-31.382],[-55.0071,-31.2679],[-55.0745,-31.3331],[-55.2401,-31.2615],[-55.291,-31.1447],[-55.3388,-31.1346],[-55.3518,-31.0385],[-55.425,-31.0175],[-55.4414,-30.9607],[-55.4867,-30.9486],[-55.5778,-30.8348],[-55.6582,-30.8646],[-55.6664,-30.9549],[-55.7244,-30.9437],[-55.7285,-30.9803],[-55.8712,-31.0724],[-56.0106,-31.0819],[-55.9904,-30.8596],[-56.0239,-30.7874],[-56.1299,-30.7387],[-56.1709,-30.616],[-56.2608,-30.5871],[-56.2925,-30.5211],[-56.3841,-30.4992],[-56.4624,-30.3857],[-56.4896,-30.4002],[-56.5457,-30.3607],[-56.541,-30.3152],[-56.6176,-30.3018],[-56.6135,-30.2629],[-56.6676,-30.2215],[-56.6467,-30.2056],[-56.7774,-30.165],[-56.8069,-30.1058],[-57.0704,-30.0875],[-57.2185,-30.2908],[-57.2601,-30.2681],[-57.2848,-30.2951],[-57.315,-30.2592],[-57.3962,-30.3059],[-57.4619,-30.2677],[-57.5232,-30.2871],[-57.5668,-30.2595],[-57.564,-30.2102],[-57.6443,-30.1892],[-57.4622,-30.1071],[-57.3462,-30.0037],[-57.2953,-29.8321],[-57.2278,-29.7802],[-57.122,-29.7659],[-56.904,-29.5355],[-56.7998,-29.4661],[-56.7689,-29.3782],[-56.7061,-29.3619],[-56.6556,-29.2784],[-56.5911,-29.1209],[-56.4191,-29.076],[-56.4106,-28.9764],[-56.2988,-28.8911],[-56.2942,-28.7981],[-56.1899,-28.7729],[-56.0026,-28.599],[-56.0118,-28.5076],[-55.8866,-28.4809],[-55.9026,-28.4073],[-55.8729,-28.359],[-55.7612,-28.3686],[-55.6974,-28.4263],[-55.6685,-28.3417],[-55.7733,-28.2744],[-55.7717,-28.2429],[-55.6306,-28.1767],[-55.6087,-28.1166],[-55.5579,-28.1663],[-55.4947,-28.0778],[-55.4465,-28.0985],[-55.3688,-28.03],[-55.385,-27.9847],[-55.3172,-27.9252],[-55.2651,-27.9327],[-55.197,-27.8571],[-55.1342,-27.8976],[-55.107,-27.8471],[-55.0356,-27.8592],[-55.0253,-27.8347],[-55.0817,-27.7798],[-55.0112,-27.7983],[-54.9369,-27.7731],[-54.904,-27.7266],[-54.907,-27.6416],[-54.8509,-27.6246],[-54.8154,-27.5344],[-54.7756,-27.5865],[-54.7425,-27.5623],[-54.683,-27.5752],[-54.6723,-27.5057],[-54.6224,-27.5419],[-54.5858,-27.4551],[-54.5308,-27.5064],[-54.4446,-27.4733],[-54.4704,-27.4293],[-54.4147,-27.4074],[-54.3471,-27.4677],[-54.3393,-27.4051],[-54.2844,-27.4484],[-54.2615,-27.3982],[-54.2171,-27.3861],[-54.173,-27.2552],[-54.1554,-27.2971],[-54.1007,-27.304],[-54.0263,-27.2549],[-54.0081,-27.199],[-53.9605,-27.1948],[-53.9535,-27.1543],[-53.9036,-27.1751],[-53.8611,-27.1288],[-53.8343,-27.17],[-53.7985,-27.1454],[-53.8254,-27.1312],[-53.8156,-27.0993],[-53.7759,-27.1026],[-53.8023,-27.0409],[-53.7588,-27.0624],[-53.7848,-27.0265],[-53.7474,-27.0313],[-53.7623,-27.0073],[-53.7174,-26.9887],[-53.7368,-26.9748],[-53.7081,-26.9332],[-53.6713,-26.9427],[-53.6972,-26.9289],[-53.6723,-26.8935],[-53.6961,-26.8585],[-53.661,-26.8572],[-53.7107,-26.8127],[-53.6998,-26.7683],[-53.7297,-26.774],[-53.744,-26.7631],[-53.7149,-26.7497],[-53.7578,-26.7198],[-53.7164,-26.6832],[-53.7593,-26.6416],[-53.707,-26.5603],[-53.7414,-26.5459],[-53.6953,-26.4908],[-53.7095,-26.3883],[-53.6457,-26.2881],[-53.6418,-26.2156],[-53.7419,-26.1188],[-53.7352,-26.0435],[-53.8365,-25.9724],[-53.8203,-25.9],[-53.8507,-25.8846],[-53.8243,-25.873],[-53.8499,-25.8365],[-53.8202,-25.8134],[-53.8793,-25.7086],[-53.8425,-25.6884],[-53.89,-25.6618],[-53.8931,-25.623],[-53.9484,-25.6123],[-53.9561,-25.6475],[-54.0203,-25.5649],[-54.0503,-25.5858],[-54.0801,-25.5597],[-54.0989,-25.6199],[-54.125,-25.5684],[-54.1001,-25.4962],[-54.207,-25.5415],[-54.179,-25.5853],[-54.2311,-25.5634],[-54.2506,-25.5977],[-54.2808,-25.5573],[-54.3462,-25.6079],[-54.3865,-25.5992],[-54.4301,-25.6959],[-54.501,-25.6151],[-54.5942,-25.5928],[-54.6184,-25.4525],[-54.4308,-25.1599],[-54.4618,-25.0952],[-54.4424,-24.9496],[-54.326,-24.6614],[-54.3375,-24.501],[-54.259,-24.3581],[-54.3433,-24.1587],[-54.2876,-24.0712],[-54.3203,-24.0092],[-54.3801,-23.9912],[-54.438,-23.9071],[-54.5705,-23.8754],[-54.5857,-23.8378],[-54.6108,-23.8521],[-54.6719,-23.8127],[-54.7062,-23.8638],[-54.8908,-23.8992],[-54.9403,-23.9664],[-54.9986,-23.9564],[-55.061,-23.9932],[-55.1076,-23.9618],[-55.2059,-24.0021],[-55.3187,-23.9614],[-55.3442,-23.9964],[-55.4027,-23.9752],[-55.4445,-23.9185],[-55.4354,-23.7183],[-55.462,-23.7136],[-55.4825,-23.6416],[-55.5379,-23.6263],[-55.5248,-23.5683],[-55.5626,-23.4834],[-55.5062,-23.3779],[-55.557,-23.3197],[-55.5244,-23.1975],[-55.5431,-23.1563],[-55.5979,-23.1531],[-55.6395,-23.0271],[-55.6227,-22.9862],[-55.6667,-22.8526],[-55.6179,-22.7686],[-55.6142,-22.6579],[-55.7488,-22.5011],[-55.7458,-22.3896],[-55.7893,-22.3888],[-55.8539,-22.2808],[-56.2112,-22.2777],[-56.364,-22.1709],[-56.3934,-22.0753],[-56.507,-22.0972],[-56.557,-22.1968],[-56.6361,-22.2634],[-56.704,-22.2187],[-56.7212,-22.2639],[-56.7462,-22.2359],[-56.7946,-22.243],[-56.8354,-22.3023],[-56.8795,-22.2781],[-56.8355,-22.1899],[-56.7652,-22.2068],[-56.7257,-22.1817],[-56.5896,-21.8838],[-56.5855,-21.7899],[-56.5281,-21.6849],[-56.5535,-21.6725],[-56.5492,-21.5672],[-56.4849,-21.5209],[-56.4525,-21.448],[-56.4602,-21.3651],[-56.5115,-21.3413],[-56.4723,-21.2015],[-56.4485,-21.1795],[-56.4299,-21.2479],[-56.4251,-21.2196],[-56.3916,-21.2423],[-56.4606,-21.3393],[-56.3464,-21.3055],[-56.3362,-21.2247],[-56.2538,-21.1019],[-56.2716,-21.0391],[-56.2156,-20.9897],[-56.1629,-20.8284],[-56.1315,-20.8386],[-55.9918,-20.6034],[-55.9039,-20.5256],[-55.8846,-20.4234],[-55.8302,-20.473],[-55.8395,-20.4103],[-55.6917,-20.2838],[-55.6868,-20.1963],[-55.5874,-20.1631],[-55.5657,-20.124],[-55.5909,-20.1017],[-55.545,-20.0843],[-55.5338,-20.0009],[-55.4837,-19.9727],[-55.4559,-19.9943],[-55.4376,-19.93],[-55.3545,-19.8681],[-55.4042,-19.827],[-55.3757,-19.7831],[-55.337,-19.8089],[-55.3796,-19.8029],[-55.3672,-19.8229],[-55.2861,-19.8615],[-55.3606,-19.7595],[-55.2475,-19.5171],[-55.1204,-19.3461],[-55.0406,-19.3542],[-55.094,-19.3325],[-55.0964,-19.2778],[-55.1475,-19.2987],[-55.0908,-19.2153],[-55.0927,-19.1475],[-55.0627,-19.1495],[-55.0564,-18.9565],[-54.9623,-18.8208],[-54.9764,-18.761],[-54.9133,-18.5152],[-54.8539,-18.4356],[-54.7444,-18.5288],[-54.8384,-18.39],[-54.8959,-18.4014],[-54.8959,-18.3331],[-54.8511,-18.2828],[-54.853,-18.1082],[-54.8111,-18.0871],[-54.8192,-18.0412],[-54.7643,-17.9814],[-54.8327,-17.9929],[-54.8682,-17.9032],[-54.8938,-17.9302],[-54.8884,-17.8256],[-54.9361,-17.7482],[-54.9099,-17.7178],[-54.9405,-17.6729],[-54.9212,-17.6447],[-54.9727,-17.6191]]]}},{"type":"Feature","properties":{"nome":"Lençóis","situacao":"Terrestre"},"geometry":{"type":"Polygon","coordinates":[[[-40.9386,-12.8256],[-40.9791,-12.899],[-40.9858,-12.9684],[-40.9476,-12.982],[-40.9138,-12.9502],[-40.9271,-13.0312],[-40.9587,-13.0215],[-40.9152,-13.0404],[-40.9101,-13.1733],[-40.8318,-13.2283],[-40.9097,-13.2364],[-40.9131,-13.343],[-41.0102,-13.6179],[-41.1385,-13.4148],[-41.0878,-13.4311],[-41.063,-13.2381],[-41.1944,-13.0286],[-41.2074,-12.9582],[-41.2564,-12.9262],[-41.2925,-12.8444],[-41.3149,-12.8509],[-41.3774,-12.6367],[-41.3502,-12.4218],[-41.334,-12.4069],[-41.3148,-12.4812],[-41.221,-12.2861],[-41.2243,-12.2009],[-41.1985,-12.1652],[-41.1786,-12.1985],[-41.1069,-12.0422],[-41.0727,-12.0107],[-41.0572,-12.0281],[-41.0744,-11.9744],[-41.0206,-11.9558],[-40.9938,-12.0092],[-40.9374,-12.0055],[-40.9827,-12.1155],[-40.9455,-12.1873],[-40.9527,-12.3481],[-40.9241,-12.4411],[-40.9376,-12.5099],[-40.9976,-12.5365],[-40.9354,-12.5628],[-40.9275,-12.625],[-40.9784,-12.7085],[-40.9421,-12.7449],[-40.9437,-12.7973],[-40.9873,-12.8096],[-40.9386,-12.8256]]]}},{"type":"Feature","properties":{"nome":"Pelotas_Terra","situacao":"Terrestre"},"geometry":{"type":"Polygon","coordinates":[[[-53.0709,-32.2067],[-53.0975,-32.2276],[-53.0612,-32.2073],[-53.0625,-32.2403],[-53.0244,-32.239],[-53.026,-32.2141],[-52.9711,-32.2135],[-53.0101,-32.1662],[-52.8608,-32.1434],[-52.8941,-32.1209],[-52.8734,-32.1011],[-52.8324,-32.1247],[-52.8224,-32.0975],[-52.8989,-32.0403],[-52.778,-32.0374],[-52.7399,-32.0656],[-52.7709,-32.0272],[-52.7146,-31.9984],[-52.7522,-31.9509],[-52.8275,-31.9406],[-52.8002,-31.8949],[-52.8586,-31.9041],[-52.8533,-31.8421],[-52.8102,-31.8428],[-52.8227,-31.8138],[-52.7825,-31.8216],[-52.7749,-31.8662],[-52.7,-31.854],[-52.7436,-31.817],[-52.7566,-31.7297],[-52.7037,-31.7358],[-52.7419,-31.7744],[-52.6988,-31.8299],[-52.6401,-31.8362],[-52.6325,-31.8016],[-52.5921,-31.8346],[-52.5816,-31.7909],[-52.5444,-31.7969],[-52.5501,-31.8227],[-52.5033,-31.812],[-52.4711,-31.788],[-52.4933,-31.7433],[-52.6123,-31.7413],[-52.6086,-31.7211],[-52.5295,-31.718],[-52.5518,-31.6731],[-52.483,-31.7335],[-52.491,-31.7003],[-52.4402,-31.6984],[-52.4173,-31.6633],[-52.3446,-31.6652],[-52.3625,-31.6217],[-52.3189,-31.5639],[-52.2097,-31.5451],[-52.2378,-31.4921],[-52.1079,-31.4678],[-52.1841,-31.4049],[-52.1399,-31.4157],[-52.1326,-31.3809],[-52.064,-31.3781],[-52.0627,-31.3441],[-52.0074,-31.3596],[-52.0361,-31.3384],[-52.0248,-31.2993],[-51.9098,-31.2131],[-51.9407,-31.1991],[-51.8497,-31.1907],[-51.8901,-31.1901],[-51.8776,-31.1685],[-51.915,-31.1566],[-51.896,-31.1226],[-51.9512,-31.1079],[-51.9967,-31.1128],[-51.9967,-31.1836],[-52.041,-31.1927],[-52.0138,-31.0921],[-52.0467,-31.0738],[-51.9891,-31.0567],[-52.0437,-31.0305],[-52.0624,-31.0599],[-52.0502,-31.0158],[-52.073,-31.0063],[-52.1903,-31.0667],[-52.2482,-31.0433],[-52.3774,-31.0834],[-52.402,-31.0357],[-52.3655,-30.9721],[-52.1344,-30.9455],[-52.1034,-30.9126],[-51.9451,-30.9232],[-51.9464,-30.899],[-51.9098,-30.9046],[-51.9261,-30.8569],[-51.8983,-30.8836],[-51.8497,-30.859],[-51.8433,-30.8356],[-51.8966,-30.8238],[-51.8958,-30.7757],[-51.8639,-30.8074],[-51.8705,-30.7714],[-51.844,-30.7876],[-51.8208,-30.8452],[-51.7865,-30.8484],[-51.7797,-30.8131],[-51.7465,-30.8418],[-51.7269,-30.8241],[-51.749,-30.8118],[-51.6438,-30.7796],[-51.7562,-30.7698],[-51.8027,-30.7336],[-51.7366,-30.756],[-51.7677,-30.7233],[-51.7196,-30.7431],[-51.7261,-30.7174],[-51.6525,-30.6472],[-51.6398,-30.7124],[-51.6148,-30.7158],[-51.6152,-30.6871],[-51.5844,-30.7365],[-51.5557,-30.7244],[-51.5749,-30.7198],[-51.5838,-30.7003],[-51.5177,-30.7339],[-51.4942,-30.7059],[-51.5799,-30.6918],[-51.6197,-30.6416],[-51.4767,-30.6736],[-51.4622,-30.658],[-51.5834,-30.6142],[-51.4052,-30.6386],[-51.3975,-30.6083],[-51.4365,-30.5837],[-51.3741,-30.5479],[-51.3948,-30.5356],[-51.3517,-30.4743],[-51.3383,-30.4948],[-51.3633,-30.5035],[-51.3223,-30.4966],[-51.3194,-30.4459],[-51.2014,-30.4053],[-51.2551,-30.3849],[-51.2433,-30.3485],[-51.1913,-30.4021],[-51.1021,-30.3621],[-51.1808,-30.3831],[-51.209,-30.3031],[-51.2572,-30.3354],[-51.2917,-30.3133],[-51.2673,-30.3063],[-51.2966,-30.2815],[-51.2729,-30.2561],[-51.3247,-30.2345],[-51.3075,-30.1828],[-51.3287,-30.1714],[-51.2984,-30.0049],[-51.1937,-30.1076],[-51.2497,-30.0933],[-51.2598,-30.1199],[-51.1746,-30.1246],[-51.2257,-30.1458],[-51.2131,-30.169],[-51.1524,-30.101],[-51.146,-30.1388],[-51.1248,-30.1065],[-51.1134,-30.1115],[-51.1158,-30.2027],[-51.0773,-30.1644],[-51.0501,-30.159],[-51.0987,-30.2076],[-51.02,-30.1964],[-51.0626,-30.2762],[-51.0,-30.256],[-51.0258,-30.2246],[-50.9914,-30.2081],[-51.0229,-30.1883],[-50.9472,-30.163],[-50.9478,-30.1127],[-50.9191,-30.1038],[-50.8915,-30.1447],[-50.8189,-30.1323],[-50.8813,-30.1328],[-50.8985,-30.1138],[-50.8652,-30.0451],[-50.8504,-30.0972],[-50.8237,-30.1053],[-50.8582,-30.1063],[-50.8685,-30.1238],[-50.7952,-30.1154],[-50.8424,-30.0963],[-50.8003,-30.0859],[-50.8241,-30.0709],[-50.727,-30.0426],[-50.73,-30.0199],[-50.694,-30.0379],[-50.6816,-29.9971],[-50.4802,-29.9243],[-50.5949,-29.9375],[-50.7139,-29.9043],[-50.6805,-29.95],[-50.6119,-29.9367],[-50.7534,-30.0081],[-50.7837,-30.0005],[-50.7316,-29.9783],[-50.7035,-29.9597],[-50.7892,-29.993],[-50.8171,-29.9658],[-50.8711,-30.0055],[-50.9223,-29.9952],[-50.9286,-29.9876],[-50.8649,-29.9735],[-50.8455,-29.9373],[-50.7899,-29.9853],[-50.7263,-29.9552],[-50.7354,-29.8733],[-50.6997,-29.901],[-50.6758,-29.8623],[-50.5625,-29.88],[-50.5532,-29.8569],[-50.4933,-29.8763],[-50.4832,-29.911],[-50.4658,-29.8711],[-50.407,-29.8581],[-50.3385,-29.8962],[-50.2597,-29.8747],[-50.2123,-29.7912],[-50.2272,-29.7601],[-50.2063,-29.7381],[-50.1789,-29.7829],[-50.1681,-29.7559],[-50.2098,-29.6613],[-50.2322,-29.6818],[-50.2287,-29.6522],[-50.258,-29.6534],[-50.2424,-29.6373],[-50.2944,-29.5865],[-50.3111,-29.506],[-50.2824,-29.5594],[-50.2435,-29.5512],[-50.2731,-29.5723],[-50.2577,-29.6133],[-50.1501,-29.6546],[-50.1844,-29.6853],[-50.1468,-29.7223],[-50.1331,-29.6969],[-50.1609,-29.6945],[-50.1107,-29.6458],[-50.1354,-29.6139],[-50.0749,-29.5852],[-50.0723,-29.5535],[-50.0983,-29.5337],[-50.136,-29.5704],[-50.103,-29.5207],[-50.1266,-29.5347],[-50.1284,-29.5124],[-50.1029,-29.5068],[-50.1822,-29.3941],[-50.1075,-29.4292],[-50.1171,-29.4652],[-50.0388,-29.5392],[-49.9869,-29.5128],[-49.993,-29.4798],[-49.9257,-29.4373],[-49.9734,-29.4528],[-49.9856,-29.4511],[-49.9143,-29.4014],[-49.968,-29.415],[-49.9307,-29.3972],[-49.9746,-29.377],[-49.9385,-29.3605],[-49.9409,-29.3134],[-49.991,-29.3204],[-49.923,-29.2916],[-49.923,-29.2132],[-49.9656,-29.2127],[-49.9559,-29.2471],[-49.9983,-29.2279],[-50.0164,-29.2724],[-50.0386,-29.2582],[-50.0184,-29.2326],[-50.0503,-29.255],[-50.0605,-29.2235],[-49.9708,-29.1999],[-49.9878,-29.1715],[-49.9279,-29.1512],[-49.9284,-29.0898],[-49.8971,-29.1069],[-49.8726,-29.0756],[-49.7874,-29.0715],[-49.7903,-29.0863],[-49.7153,-29.1203],[-49.766,-29.0761],[-49.7039,-29.0709],[-49.7545,-29.0549],[-49.7497,-29.0253],[-49.7837,-29.0148],[-49.7863,-29.0639],[-49.8151,-29.0251],[-49.8252,-29.0498],[-49.8536,-29.0282],[-49.8459,-29.0054],[-49.893,-29.0134],[-49.8694,-28.9838],[-49.7865,-28.9969],[-49.7653,-28.9649],[-49.8633,-28.948],[-49.8055,-28.9363],[-49.8738,-28.9024],[-49.7664,-28.9205],[-49.8377,-28.8609],[-49.891,-28.8761],[-49.8555,-28.8378],[-49.9091,-28.8137],[-49.886,-28.7869],[-49.8411,-28.8261],[-49.8319,-28.7912],[-49.8651,-28.7703],[-49.813,-28.7581],[-49.8007,-28.8313],[-49.7434,-28.8721],[-49.6846,-28.8725],[-49.7861,-28.7732],[-49.7642,-28.7781],[-49.7822,-28.7447],[-49.7428,-28.6751],[-49.7492,-28.7588],[-49.6787,-28.7936],[-49.6791,-28.7252],[-49.7161,-28.7024],[-49.6627,-28.6691],[-49.6211,-28.6922],[-49.6551,-28.7471],[-49.6556,-28.8298],[-49.6199,-28.8263],[-49.6375,-28.7318],[-49.5985,-28.6998],[-49.6123,-28.7561],[-49.5734,-28.7653],[-49.5856,-28.7117],[-49.5556,-28.6833],[-49.6132,-28.6863],[-49.622,-28.6662],[-49.564,-28.6579],[-49.5551,-28.6165],[-49.5959,-28.6142],[-49.5626,-28.6039],[-49.5888,-28.5528],[-49.5708,-28.5417],[-49.5321,-28.6048],[-49.546,-28.658],[-49.4911,-28.6865],[-49.4867,-28.6554],[-49.4473,-28.7169],[-49.3922,-28.7201],[-49.4314,-28.7655],[-49.3918,-28.8207],[-49.3601,-28.8006],[-49.3681,-28.7663],[-49.3374,-28.7894],[-49.3335,-28.7612],[-49.2709,-28.7574],[-49.3105,-28.7416],[-49.2641,-28.7047],[-49.3151,-28.6983],[-49.2207,-28.6849],[-49.2563,-28.677],[-49.2608,-28.6618],[-49.2178,-28.6679],[-49.2435,-28.6386],[-49.2178,-28.6508],[-49.2195,-28.6352],[-49.264,-28.6001],[-49.273,-28.6167],[-49.2987,-28.6153],[-49.3108,-28.6081],[-49.2608,-28.5912],[-49.2937,-28.5288],[-49.205,-28.6267],[-49.1775,-28.592],[-49.161,-28.6779],[-49.0968,-28.682],[-49.1479,-28.6347],[-49.0706,-28.6363],[-49.0741,-28.6098],[-49.0062,-28.5954],[-49.1226,-28.5783],[-49.0786,-28.5578],[-49.0996,-28.5419],[-49.0502,-28.5416],[-49.0727,-28.5],[-49.0284,-28.4982],[-49.056,-28.4772],[-49.0076,-28.4206],[-49.0368,-28.3346],[-49.0032,-28.3891],[-48.9825,-28.3503],[-48.9658,-28.3606],[-48.9698,-28.4082],[-48.9654,-28.3877],[-48.9449,-28.3858],[-48.971,-28.4316],[-48.9604,-28.442],[-48.9386,-28.3927],[-48.938,-28.4285],[-48.8913,-28.4301],[-48.91,-28.5112],[-48.8801,-28.4737],[-48.7736,-28.5159],[-48.8102,-28.606],[-49.0824,-28.7352],[-49.3777,-28.9565],[-49.8029,-29.4441],[-50.0647,-29.8624],[-50.3339,-30.5013],[-50.7698,-31.1106],[-51.2508,-31.5678],[-51.4709,-31.7269],[-51.8856,-31.9587],[-52.0755,-32.1433],[-52.0765,-32.1897],[-52.1181,-32.1667],[-52.2323,-32.2576],[-52.3427,-32.4271],[-52.5125,-32.9037],[-52.6629,-33.1616],[-53.1526,-33.5899],[-53.3694,-33.7444],[-53.4169,-33.7497],[-53.4417,-33.695],[-53.5331,-33.69],[-53.5222,-33.1568],[-53.4481,-33.0553],[-53.3095,-33.0074],[-53.2445,-32.9363],[-53.3093,-32.9186],[-53.2879,-32.8973],[-53.2719,-32.9154],[-53.2857,-32.8971],[-53.1861,-32.8499],[-53.1443,-32.7871],[-53.0815,-32.776],[-53.072,-32.7417],[-53.1871,-32.6459],[-53.3677,-32.5761],[-53.2791,-32.5584],[-53.29,-32.473],[-53.2479,-32.496],[-53.1965,-32.4673],[-53.2048,-32.5151],[-53.1054,-32.4619],[-53.1121,-32.4143],[-53.1842,-32.3525],[-53.1212,-32.3545],[-53.0816,-32.3098],[-53.1587,-32.2952],[-53.1244,-32.2813],[-53.173,-32.2699],[-53.1805,-32.2454],[-53.0871,-32.2512],[-53.1394,-32.2197],[-53.0709,-32.2067]]]}},{"type":"Feature","properties":{"nome":"Barreirinhas_Terra","situacao":"Terrestre"},"geometry":{"type":"Polygon","coordinates":[[[-43.619,-2.302],[-43.6431,-2.4002],[-43.7908,-2.475],[-43.7824,-2.5253],[-43.7209,-2.4773],[-43.7381,-2.4975],[-43.6883,-2.5333],[-43.6591,-2.4827],[-43.6259,-2.5448],[-43.5808,-2.4604],[-43.5954,-2.4934],[-43.5562,-2.4753],[-43.5526,-2.5032],[-43.5514,-2.4293],[-43.6146,-2.38],[-43.5819,-2.36],[-43.5089,-2.3767],[-43.5144,-2.4772],[-43.4504,-2.4686],[-43.4808,-2.3814],[-43.4506,-2.3391],[-43.3048,-2.3392],[-42.7935,-2.5604],[-42.7112,-2.5577],[-42.5984,-2.6604],[-42.4796,-2.7128],[-42.4844,-2.6929],[-42.3692,-2.7111],[-42.2285,-2.6675],[-42.221,-2.6679],[-42.2251,-2.6895],[-42.2132,-2.702],[-42.0506,-2.6896],[-42.0247,-2.7597],[-42.0064,-2.7154],[-41.8242,-2.7197],[-41.8658,-2.8753],[-41.7971,-2.9669],[-41.862,-3.0475],[-41.964,-3.0195],[-42.0474,-3.0833],[-42.2205,-3.0638],[-42.3467,-3.1317],[-42.4772,-3.144],[-43.0132,-2.9596],[-43.2084,-2.8356],[-43.4444,-2.8172],[-43.6426,-2.6411],[-43.9481,-2.5919],[-43.9238,-2.5535],[-43.8861,-2.5807],[-43.8946,-2.5281],[-43.8854,-2.5542],[-43.8765,-2.5202],[-43.8459,-2.5284],[-43.8436,-2.4252],[-43.7816,-2.3709],[-43.7357,-2.3814],[-43.7183,-2.286],[-43.6132,-2.2493],[-43.6004,-2.2747],[-43.6733,-2.2895],[-43.6927,-2.3445],[-43.6772,-2.3683],[-43.6573,-2.3708],[-43.674,-2.3308],[-43.6488,-2.3483],[-43.663,-2.3237],[-43.619,-2.302]]]}},{"type":"Feature","properties":{"nome":"Jequitinhonha_Mar","situacao":"Marítima"},"geometry":{"type":"Polygon","coordinates":[[[-38.9372,-15.6573],[-39.0324,-14.7875],[-35.4116,-14.7776],[-35.5358,-14.9163],[-35.403,-15.5873],[-35.4132,-16.2719],[-39.0218,-16.2795],[-38.9493,-16.1568],[-38.9538,-16.099],[-38.857,-15.861],[-38.9372,-15.6573]]]}},{"type":"Feature","properties":{"nome":"Taubaté","situacao":"Terrestre"},"geometry":{"type":"Polygon","coordinates":[[[-45.2287,-22.7114],[-44.9941,-22.5513],[-44.9161,-22.5569],[-45.0006,-22.6087],[-44.996,-22.6603],[-44.9262,-22.6542],[-44.986,-22.6819],[-45.0222,-22.752],[-45.223,-22.8243],[-45.3919,-22.9926],[-45.6977,-23.171],[-45.8414,-23.292],[-45.9405,-23.3414],[-45.9852,-23.3102],[-45.9962,-23.3393],[-46.1525,-23.3751],[-46.1649,-23.4101],[-46.2425,-23.4441],[-46.2361,-23.3923],[-46.0895,-23.2892],[-46.0257,-23.1958],[-45.9096,-23.1619],[-45.8117,-23.0452],[-45.7571,-23.0478],[-45.5633,-22.88],[-45.437,-22.8292],[-45.4649,-22.7624],[-45.4357,-22.8126],[-45.3425,-22.7842],[-45.3238,-22.7598],[-45.3536,-22.7672],[-45.3669,-22.7445],[-45.2287,-22.7114]]]}},{"type":"Feature","properties":{"nome":"Amazonas","situacao":"Terrestre"},"geometry":{"type":"Polygon","coordinates":[[[-62.0946,-4.4459],[-62.3335,-3.1151],[-62.4671,-2.8431],[-62.6995,-2.4599],[-63.1805,-1.8119],[-63.8325,-1.1572],[-64.5455,-0.3782],[-64.5321,-0.3067],[-64.6974,-0.3521],[-64.6728,-0.081],[-64.7031,0.0828],[-64.6507,0.0768],[-64.6784,0.1336],[-64.6601,0.1837],[-64.5094,0.304],[-64.51,0.4287],[-64.5851,0.5604],[-64.5548,0.6424],[-64.5855,0.686],[-64.5452,0.7915],[-64.6143,0.8423],[-64.5994,0.9122],[-64.567,0.9227],[-64.4817,0.822],[-64.3989,0.8574],[-64.3054,0.7968],[-64.1918,0.6047],[-64.1703,0.6643],[-64.1931,0.7177],[-63.9261,0.7113],[-63.9064,0.6418],[-63.9275,0.6023],[-63.8319,0.508],[-63.7915,0.5643],[-63.7929,0.6327],[-63.6768,0.6674],[-63.6742,0.7022],[-63.7193,0.7526],[-63.8068,0.7722],[-63.8734,0.8828],[-63.9659,0.941],[-63.993,1.0452],[-64.0727,1.1357],[-63.9654,1.1627],[-63.9074,1.1047],[-63.8095,1.0732],[-63.8181,0.9995],[-63.7483,0.9297],[-63.6918,0.9324],[-63.6614,0.8924],[-63.6315,0.9202],[-63.4537,0.877],[-63.4384,0.8038],[-63.3764,0.8124],[-63.3478,0.7806],[-63.3488,0.8065],[-63.3287,0.7721],[-63.2738,0.768],[-63.2467,0.7076],[-63.2097,0.7117],[-63.2002,0.6711],[-63.1248,0.6568],[-63.0862,0.7144],[-63.0545,0.7111],[-63.0374,0.7769],[-62.8902,0.8349],[-62.8417,0.8964],[-62.9245,0.9729],[-62.7663,1.2178],[-62.7093,1.2035],[-62.6563,1.2368],[-62.6167,1.1956],[-62.5032,1.2858],[-62.1768,1.248],[-62.0332,1.5073],[-61.9721,1.4006],[-61.9218,1.4385],[-61.8929,1.4179],[-61.8841,1.4654],[-61.8249,1.5028],[-61.8008,1.4478],[-61.7794,1.4722],[-61.739,1.4164],[-61.7641,1.5459],[-61.6755,1.6061],[-61.7937,1.5966],[-61.7531,1.6664],[-61.6462,1.6867],[-61.6386,1.7427],[-61.6728,1.7872],[-61.6208,1.7815],[-61.6733,1.8249],[-61.5977,1.8832],[-61.5633,1.8108],[-61.5609,1.9079],[-61.5299,1.814],[-61.4708,1.7686],[-61.4231,1.9656],[-61.1407,1.9101],[-61.1023,1.8516],[-61.132,1.7997],[-61.0819,1.8302],[-61.0244,1.7991],[-61.0444,1.7663],[-61.0132,1.7598],[-61.0186,1.7176],[-61.1016,1.7697],[-61.0802,1.7337],[-61.1136,1.7127],[-61.0994,1.6398],[-61.0139,1.5811],[-61.0425,1.5446],[-60.997,1.549],[-61.0502,1.4833],[-61.0177,1.436],[-60.916,1.4772],[-60.7445,1.4193],[-60.7112,1.283],[-60.6435,1.2229],[-60.6724,1.1706],[-60.6635,1.0978],[-60.5188,0.9961],[-60.6488,0.8632],[-60.6169,0.8542],[-60.6454,0.8005],[-60.629,0.7268],[-60.704,0.5474],[-60.6173,0.4341],[-60.5817,0.4674],[-60.5751,0.5684],[-60.4562,0.5598],[-60.4917,0.474],[-60.5263,0.4857],[-60.5432,0.4644],[-60.4243,0.4641],[-60.4296,0.4185],[-60.357,0.4513],[-60.3443,0.3221],[-60.4635,0.2767],[-60.6665,0.2825],[-60.7279,0.2242],[-60.8052,0.2072],[-60.803,0.1525],[-60.7165,0.185],[-60.706,0.1407],[-60.7524,0.1046],[-60.6304,-0.0048],[-60.7056,-0.0619],[-60.7193,-0.0376],[-60.7553,-0.0605],[-60.7465,-0.1224],[-60.7893,-0.1051],[-60.7953,-0.1739],[-60.8342,-0.0952],[-60.8478,-0.1362],[-60.8786,-0.086],[-60.8422,-0.1506],[-60.8834,-0.1204],[-60.9109,-0.0678],[-60.8753,-0.0489],[-60.9863,-0.0628],[-60.9109,0.0464],[-60.965,0.0482],[-60.9323,0.1139],[-60.9104,0.1022],[-60.9386,0.2032],[-61.0517,0.1585],[-61.0257,-0.0019],[-61.0803,-0.0616],[-61.0481,-0.0705],[-61.1115,-0.0758],[-61.0682,-0.1485],[-61.1148,-0.168],[-61.0935,-0.1962],[-61.1283,-0.2279],[-61.1271,-0.3338],[-61.0988,-0.3436],[-61.1444,-0.4223],[-61.147,-0.0772],[-61.0981,-0.0321],[-61.1351,0.0503],[-61.1723,-0.1438],[-61.1496,-0.3553],[-61.195,-0.4004],[-61.2069,-0.4839],[-61.1532,-0.47],[-61.146,-0.5067],[-61.1805,-0.5685],[-61.2844,-0.6062],[-61.2609,-0.6404],[-61.3155,-0.6858],[-61.3296,-0.8852],[-61.3748,-0.9344],[-61.3265,-1.0258],[-61.3995,-1.174],[-61.4356,-1.4014],[-61.3862,-1.4981],[-61.3866,-1.6161],[-61.592,-1.5824],[-61.6273,-1.4693],[-61.7076,-1.4912],[-61.7515,-1.4005],[-61.8856,-1.4364],[-61.9015,-1.4902],[-61.957,-1.5016],[-61.973,-1.5555],[-62.0127,-1.5736],[-62.0386,-1.6576],[-62.0102,-1.8934],[-62.1079,-1.9332],[-62.1308,-1.9754],[-62.1718,-1.9682],[-62.2189,-2.0514],[-62.0814,-2.0176],[-62.0416,-2.0357],[-62.0846,-2.0913],[-62.0561,-2.0972],[-62.0187,-2.09],[-62.0163,-2.0502],[-61.9294,-2.0273],[-61.9427,-2.102],[-61.8812,-2.1117],[-61.8667,-2.0309],[-61.7654,-2.0345],[-61.7027,-1.9826],[-61.2946,-1.8565],[-61.2119,-1.8873],[-61.1251,-1.8509],[-61.0805,-1.9074],[-60.889,-1.8673],[-60.845,-1.9118],[-60.7713,-1.9135],[-60.6387,-2.0842],[-60.4271,-2.0028],[-60.3831,-1.9556],[-60.3117,-1.9511],[-60.2996,-1.9153],[-60.2155,-1.9224],[-60.1893,-1.8677],[-60.1266,-1.9054],[-60.126,-1.8703],[-60.0513,-1.8362],[-60.0734,-1.7987],[-60.0396,-1.7681],[-59.9012,-1.8873],[-59.8686,-1.868],[-59.7181,-1.9024],[-59.6244,-1.8735],[-59.4819,-1.9239],[-59.3603,-1.8837],[-59.2733,-1.7863],[-59.2547,-1.7977],[-59.2215,-1.709],[-59.1753,-1.6776],[-59.1457,-1.6963],[-59.1615,-1.7433],[-59.0985,-1.7741],[-58.9895,-1.6981],[-58.9522,-1.6214],[-58.8967,-1.6444],[-58.8537,-1.5942],[-58.805,-1.6028],[-58.7526,-1.539],[-58.6989,-1.5426],[-58.6179,-1.4465],[-58.5849,-1.4609],[-58.4097,-1.3354],[-58.2007,-1.258],[-58.0653,-1.2881],[-58.1014,-1.2562],[-58.0751,-1.2142],[-58.0349,-1.2237],[-58.0396,-1.174],[-57.9893,-1.2426],[-58.0289,-1.2698],[-57.9917,-1.2822],[-57.875,-1.1182],[-57.8349,-1.1454],[-57.8088,-1.0966],[-57.7698,-1.2045],[-57.748,-1.1015],[-57.6684,-1.0671],[-57.6143,-1.0826],[-57.5624,-1.0107],[-57.5654,-1.0769],[-57.4623,-1.0561],[-57.4517,-1.1087],[-57.3471,-1.0934],[-57.3359,-1.0597],[-57.2327,-1.0072],[-57.0109,-0.992],[-56.9934,-0.9387],[-56.8978,-0.9328],[-56.8396,-0.8858],[-56.8524,-0.8372],[-56.7984,-0.7362],[-56.7701,-0.7645],[-56.7744,-0.9504],[-56.7408,-0.8825],[-56.6917,-0.9231],[-56.6316,-0.8669],[-56.6558,-0.9496],[-56.5723,-0.9387],[-56.5699,-0.8825],[-56.559,-0.9645],[-56.4429,-0.8965],[-56.5172,-0.8437],[-56.5095,-0.815],[-56.4634,-0.7929],[-56.4347,-0.838],[-56.405,-0.7832],[-56.2999,-0.8713],[-56.28,-0.9566],[-56.1903,-0.9356],[-56.1481,-0.9894],[-56.0795,-1.0001],[-56.0947,-0.962],[-56.0627,-0.9353],[-56.0023,-0.9589],[-55.9057,-0.9],[-55.7782,-1.0059],[-55.4759,-1.1318],[-55.2937,-1.1492],[-55.2372,-1.2273],[-55.2324,-1.1686],[-55.172,-1.1748],[-55.1342,-1.2558],[-54.9669,-1.2334],[-55.0125,-1.3102],[-54.8865,-1.255],[-54.8077,-1.3278],[-54.8084,-1.4149],[-54.7199,-1.3187],[-54.6302,-1.3018],[-54.5196,-1.327],[-54.48,-1.3979],[-54.4393,-1.3242],[-54.4086,-1.3299],[-54.3603,-1.2775],[-54.2627,-1.273],[-54.2392,-1.2073],[-54.1282,-1.1998],[-54.1354,-1.1529],[-54.0675,-1.1702],[-54.0073,-1.1336],[-53.8609,-0.9603],[-53.839,-0.9945],[-53.7622,-0.9112],[-53.5091,-0.8233],[-53.3763,-0.7245],[-53.2829,-0.7218],[-53.2111,-0.5958],[-53.1111,-0.5113],[-52.9935,-0.4798],[-52.9859,-0.4436],[-52.934,-0.4671],[-52.8707,-0.4266],[-52.7067,-0.4239],[-52.6757,-0.3806],[-52.565,-0.3386],[-52.5194,-0.353],[-52.4057,-0.2647],[-52.2745,-0.224],[-52.1053,-0.2162],[-52.0675,-0.2481],[-51.9888,-0.2155],[-51.8821,-0.2203],[-51.8166,-0.1807],[-51.6772,-0.1839],[-51.7068,-0.0434],[-51.6607,0.0278],[-51.6033,0.0124],[-51.576,0.0833],[-51.5249,0.0032],[-51.4724,-0.0028],[-51.4481,0.026],[-51.384,-0.0481],[-51.2613,-0.0698],[-51.2295,-0.0428],[-51.201,-0.0884],[-51.057,-0.397],[-51.0237,-0.5383],[-50.9525,-1.5728],[-50.4888,-2.1022],[-50.4063,-2.2999],[-50.2847,-2.3648],[-50.219,-2.4996],[-50.2092,-2.5596],[-50.238,-2.5812],[-50.0862,-2.7818],[-50.0261,-2.9493],[-49.8963,-3.0627],[-49.8039,-3.2499],[-49.8559,-3.4215],[-49.8842,-3.3893],[-49.9249,-3.4359],[-50.0857,-3.345],[-50.1453,-3.3481],[-50.2182,-3.4908],[-50.2882,-3.5105],[-50.3938,-3.42],[-50.4261,-3.4514],[-50.5279,-3.4553],[-50.6704,-3.1901],[-50.8118,-3.2194],[-50.9616,-3.1291],[-51.0196,-3.1437],[-51.0752,-3.1156],[-51.1827,-3.1699],[-51.3432,-3.1389],[-51.4228,-3.1651],[-51.4284,-3.1295],[-51.4967,-3.1965],[-51.5401,-3.1741],[-51.5521,-3.0979],[-51.5873,-3.1126],[-51.5913,-3.0804],[-51.6498,-3.0579],[-51.7592,-3.0975],[-51.9613,-3.2398],[-52.21,-3.2891],[-52.3785,-3.3833],[-52.406,-3.3651],[-52.505,-3.3939],[-52.5827,-3.4624],[-52.6654,-3.4637],[-52.7823,-3.5414],[-52.8239,-3.5165],[-52.84,-3.5582],[-52.888,-3.5317],[-52.9005,-3.5349],[-52.8664,-3.5579],[-52.9188,-3.5566],[-53.0494,-3.6543],[-53.0795,-3.6207],[-53.2708,-3.7174],[-53.4196,-3.7342],[-53.457,-3.7838],[-53.5534,-3.7753],[-53.6112,-3.8095],[-53.649,-3.7859],[-53.7829,-3.9066],[-53.9521,-3.9639],[-53.9756,-3.9414],[-53.993,-3.9696],[-54.056,-3.9636],[-54.1193,-4.0188],[-54.3131,-4.0289],[-54.3446,-4.0606],[-54.4985,-4.0912],[-54.594,-4.0609],[-54.713,-4.1124],[-55.0949,-4.1014],[-55.1967,-4.1565],[-55.3538,-4.1707],[-55.7045,-4.3814],[-56.039,-4.4619],[-56.1331,-4.5635],[-56.2879,-4.4896],[-56.3676,-4.5496],[-56.5052,-4.5746],[-56.6299,-4.5584],[-56.7305,-4.6195],[-56.886,-4.5936],[-57.0845,-4.7203],[-57.4217,-4.781],[-57.4599,-4.7609],[-57.7319,-5.0254],[-57.7906,-5.0116],[-57.9393,-5.1214],[-58.0238,-5.0759],[-58.0804,-5.0859],[-58.0692,-5.2505],[-58.1116,-5.2999],[-58.0912,-5.3793],[-58.1356,-5.4031],[-58.0977,-5.4562],[-58.1277,-5.4892],[-58.1917,-5.4494],[-58.1597,-5.4513],[-58.1878,-5.3916],[-58.2516,-5.3974],[-58.2015,-5.3814],[-58.2463,-5.3217],[-58.2025,-5.3446],[-58.1855,-5.3174],[-58.2205,-5.2859],[-58.1935,-5.25],[-58.2287,-5.2071],[-58.1906,-5.1385],[-58.2512,-5.1151],[-58.2886,-5.1725],[-58.2657,-5.2569],[-58.3236,-5.2779],[-58.2697,-5.2896],[-58.3118,-5.2979],[-58.2797,-5.3182],[-58.3456,-5.4023],[-58.2829,-5.4096],[-58.2524,-5.4904],[-58.2399,-5.6311],[-58.2613,-5.6519],[-58.3602,-5.6186],[-58.3797,-5.5801],[-58.453,-5.6071],[-58.4795,-5.5458],[-58.5551,-5.4908],[-58.5462,-5.4114],[-58.6437,-5.3714],[-58.7318,-5.4442],[-58.7417,-5.5322],[-58.8109,-5.584],[-58.849,-5.5548],[-58.8704,-5.6056],[-58.9782,-5.6571],[-58.977,-5.7094],[-59.014,-5.6979],[-59.0942,-5.5775],[-59.2268,-5.6867],[-59.328,-5.6465],[-59.4645,-5.7007],[-59.4638,-5.8259],[-59.5746,-5.8518],[-59.5913,-5.9016],[-59.6039,-5.8607],[-59.6517,-5.8878],[-59.6758,-6.0146],[-59.6551,-6.0926],[-59.7588,-6.1481],[-59.7559,-6.2408],[-59.8132,-6.1974],[-59.8078,-6.2358],[-59.9097,-6.2578],[-59.9215,-6.3106],[-60.0203,-6.2877],[-60.0555,-6.245],[-60.0951,-6.4255],[-60.0998,-6.3425],[-60.1446,-6.3754],[-60.1651,-6.3092],[-60.303,-6.2541],[-60.4193,-6.5816],[-60.397,-6.7601],[-60.5821,-6.5295],[-60.6546,-6.5159],[-61.0813,-6.0792],[-61.4424,-5.5328],[-61.6657,-5.2539],[-62.0946,-4.4459]]]}},{"type":"Feature","properties":{"nome":"Icó","situacao":"Terrestre"},"geometry":{"type":"Polygon","coordinates":[[[-38.881,-6.435],[-38.9,-6.414],[-38.9415,-6.4458],[-38.9407,-6.4074],[-38.8309,-6.3549],[-38.8022,-6.2631],[-38.7105,-6.256],[-38.6541,-6.1738],[-38.6362,-6.1852],[-38.73,-6.3256],[-38.8023,-6.3631],[-38.7883,-6.3915],[-38.8479,-6.3845],[-38.881,-6.435]]]}},{"type":"Feature","properties":{"nome":"Jacuípe","situacao":"Marítima"},"geometry":{"type":"Polygon","coordinates":[[[-37.3292,-11.4426],[-35.3311,-13.0178],[-38.4713,-13.0122],[-38.3188,-12.926],[-38.0043,-12.5778],[-37.6227,-11.9962],[-37.4125,-11.5438],[-37.3292,-11.4426]]]}},{"type":"Feature","properties":{"nome":"Resende","situacao":"Terrestre"},"geometry":{"type":"Polygon","coordinates":[[[-44.2955,-22.4528],[-44.5231,-22.5185],[-44.5399,-22.4948],[-44.6827,-22.4969],[-44.6468,-22.4476],[-44.5786,-22.4597],[-44.5815,-22.4247],[-44.5323,-22.4462],[-44.4478,-22.435],[-44.4191,-22.3843],[-44.3984,-22.4218],[-44.2189,-22.3814],[-44.2955,-22.4528]]]}},{"type":"Feature","properties":{"nome":"Parecis","situacao":"Terrestre"},"geometry":{"type":"Polygon","coordinates":[[[-51.388,-12.2726],[-51.4479,-12.2938],[-51.4247,-12.3054],[-51.4507,-12.3416],[-51.4163,-12.3458],[-51.4584,-12.3545],[-51.4727,-12.3971],[-51.4252,-12.4472],[-51.4591,-12.5077],[-51.5,-12.5125],[-51.4373,-12.5593],[-51.5059,-12.5468],[-51.5043,-12.5916],[-51.5274,-12.5462],[-51.5623,-12.5491],[-51.5302,-12.6301],[-51.6009,-12.6261],[-51.4811,-12.682],[-51.5021,-12.7158],[-51.5699,-12.6785],[-51.5931,-12.7165],[-51.4859,-12.727],[-51.5258,-12.7476],[-51.4817,-12.7553],[-51.4889,-12.7815],[-51.5471,-12.7565],[-51.5,-12.8031],[-51.5567,-12.7981],[-51.4943,-12.8364],[-51.5268,-12.8393],[-51.4918,-12.909],[-51.5585,-12.8856],[-51.5052,-12.955],[-51.5368,-12.9857],[-51.593,-12.9608],[-51.5836,-12.9302],[-51.6227,-12.929],[-51.6039,-13.0207],[-51.6342,-13.0562],[-51.6119,-13.077],[-51.6962,-13.1808],[-51.6659,-13.2569],[-51.708,-13.2538],[-51.7147,-13.3541],[-51.7494,-13.354],[-51.7401,-13.3843],[-51.7943,-13.4353],[-51.7671,-13.4607],[-51.8102,-13.4903],[-51.7893,-13.53],[-51.8346,-13.5925],[-51.8338,-13.6491],[-51.9139,-13.7024],[-51.9246,-13.6666],[-52.0487,-13.7313],[-52.1073,-13.7232],[-52.1317,-13.7616],[-52.0875,-13.7465],[-52.0729,-13.7872],[-52.088,-13.7986],[-52.1641,-13.7732],[-52.1782,-13.7382],[-52.1826,-13.8089],[-52.1396,-13.8037],[-52.1588,-13.8374],[-52.2926,-13.7706],[-52.2849,-13.8083],[-52.2674,-13.794],[-52.2632,-13.8632],[-52.2773,-13.8791],[-52.3755,-13.7997],[-52.3714,-13.8693],[-52.3601,-13.8635],[-52.3469,-13.8749],[-52.3771,-13.8749],[-52.4403,-13.7513],[-52.4845,-13.7642],[-52.4605,-13.7933],[-52.555,-13.834],[-52.4806,-13.8172],[-52.5012,-13.8524],[-52.4745,-13.8708],[-52.5649,-13.8572],[-52.7453,-13.9333],[-52.7835,-14.0049],[-52.7569,-14.0125],[-52.7791,-14.0779],[-52.8175,-14.1015],[-52.7941,-14.0207],[-52.8347,-13.8898],[-52.8346,-14.0455],[-52.8745,-14.093],[-52.8218,-14.1518],[-52.7464,-14.0858],[-52.7139,-14.0911],[-52.7774,-14.2214],[-52.9015,-14.2563],[-52.8882,-14.2164],[-52.9465,-14.179],[-52.9267,-14.1509],[-52.9684,-13.9583],[-52.9415,-13.9365],[-53.018,-13.87],[-53.0806,-13.835],[-53.2142,-13.8948],[-53.2621,-13.8189],[-53.2453,-13.7846],[-53.3234,-13.7877],[-53.3583,-13.7534],[-53.4292,-13.808],[-53.4157,-13.7082],[-53.4612,-13.7705],[-53.5239,-13.7613],[-53.5119,-13.7944],[-53.5444,-13.7607],[-53.5805,-13.8349],[-53.6477,-13.8503],[-53.6636,-13.8272],[-53.6256,-13.7425],[-53.6585,-13.7068],[-53.6281,-13.6863],[-53.7968,-13.6969],[-53.7369,-13.6389],[-53.7569,-13.6044],[-53.8738,-13.6364],[-53.874,-13.6661],[-53.9342,-13.6588],[-53.9254,-13.7203],[-53.9465,-13.6872],[-53.9671,-13.7075],[-54.0054,-13.8583],[-54.0341,-13.8611],[-54.0026,-13.9963],[-54.0588,-13.9848],[-54.087,-13.8357],[-54.0848,-13.709],[-54.0615,-13.6688],[-54.0544,-13.719],[-54.0251,-13.7139],[-54.0499,-13.6646],[-54.011,-13.699],[-54.0172,-13.669],[-54.0776,-13.657],[-54.1307,-13.6998],[-54.1052,-13.7172],[-54.1316,-13.7276],[-54.1065,-13.7863],[-54.1312,-13.79],[-54.099,-13.8537],[-54.1667,-13.9596],[-54.1928,-14.1149],[-54.2463,-14.1509],[-54.2496,-13.9198],[-54.1959,-13.8003],[-54.2324,-13.8126],[-54.2189,-13.7572],[-54.1564,-13.7561],[-54.2068,-13.6967],[-54.1747,-13.6656],[-54.185,-13.6196],[-54.2804,-13.7362],[-54.2358,-13.7344],[-54.286,-13.8045],[-54.2497,-13.7977],[-54.2505,-13.8533],[-54.3,-13.9159],[-54.2599,-13.9075],[-54.2675,-13.9836],[-54.3751,-14.0679],[-54.4244,-14.003],[-54.4073,-14.0936],[-54.4387,-14.0722],[-54.443,-14.0024],[-54.4518,-14.0798],[-54.479,-14.0935],[-54.5242,-14.0024],[-54.5474,-14.0039],[-54.5655,-14.0858],[-54.6336,-14.0668],[-54.5797,-14.0429],[-54.5961,-14.0154],[-54.6696,-14.0637],[-54.669,-14.0024],[-54.7142,-14.0298],[-54.6959,-14.0443],[-54.7201,-14.074],[-54.729,-14.0411],[-54.7494,-14.0517],[-54.744,-14.007],[-54.7687,-14.0048],[-54.7726,-14.0662],[-54.8041,-14.0462],[-54.7813,-13.987],[-54.8873,-13.9913],[-54.8941,-13.956],[-54.989,-14.0722],[-55.023,-14.0339],[-55.049,-14.0753],[-55.2203,-14.1162],[-55.1648,-14.182],[-55.1415,-14.1453],[-55.1371,-14.2126],[-55.1646,-14.2235],[-55.3561,-14.1772],[-55.3486,-14.1961],[-55.4418,-14.0758],[-55.5006,-14.0993],[-55.5548,-14.0652],[-55.6414,-14.0993],[-55.7095,-14.0701],[-56.0182,-14.1734],[-56.0397,-14.097],[-56.1471,-14.0987],[-56.2743,-14.0536],[-56.3165,-14.2749],[-56.3726,-14.375],[-56.4429,-14.3278],[-56.4105,-14.3784],[-56.4451,-14.3913],[-56.478,-14.3095],[-56.4756,-14.3991],[-56.6368,-14.4089],[-56.6385,-14.4484],[-56.7047,-14.4369],[-56.714,-14.4947],[-56.8417,-14.4325],[-56.8783,-14.4541],[-56.8776,-14.4948],[-57.0518,-14.5646],[-57.1428,-14.6569],[-57.2452,-14.6454],[-57.3047,-14.7008],[-57.3754,-14.6908],[-57.4356,-14.7356],[-57.608,-14.7477],[-57.6651,-14.8056],[-57.6493,-14.7399],[-57.6086,-14.7343],[-57.6446,-14.6984],[-57.7326,-14.6952],[-57.7531,-14.648],[-58.0216,-14.5906],[-58.0642,-14.6184],[-58.0088,-14.7063],[-58.0668,-14.6889],[-58.1008,-14.724],[-58.1094,-14.8045],[-58.0662,-14.8183],[-58.0912,-14.9157],[-58.2997,-14.9939],[-58.1917,-14.9895],[-58.229,-15.0128],[-58.1908,-15.0489],[-58.2012,-15.182],[-58.2885,-15.056],[-58.318,-15.1173],[-58.3553,-15.1066],[-58.3639,-15.0671],[-58.5252,-15.0998],[-58.524,-15.1697],[-58.6106,-15.1504],[-58.7126,-15.1718],[-58.7547,-15.0976],[-58.7471,-15.1401],[-58.8118,-15.1122],[-58.9026,-15.1491],[-58.9367,-15.1222],[-58.9092,-15.1166],[-58.9081,-15.0669],[-58.8812,-15.1075],[-58.9045,-15.0483],[-58.9405,-15.0687],[-58.9672,-15.0132],[-58.9733,-15.0391],[-59.0485,-15.0378],[-59.0702,-14.9776],[-59.2104,-14.8989],[-59.2234,-14.7837],[-59.3261,-14.7328],[-59.3231,-14.6822],[-59.3718,-14.664],[-59.4093,-14.5848],[-59.5017,-14.5095],[-59.5121,-14.4103],[-59.5524,-14.4262],[-59.5947,-14.3801],[-59.5719,-14.3023],[-59.6014,-14.2275],[-59.5657,-14.1225],[-59.6229,-14.038],[-59.6555,-14.0436],[-59.6747,-13.9838],[-59.7302,-13.9841],[-59.7515,-13.9252],[-59.797,-13.9037],[-59.8117,-13.8112],[-59.846,-13.8009],[-59.8202,-13.7369],[-59.8593,-13.6737],[-59.9232,-13.6424],[-59.9571,-13.5536],[-59.9768,-13.5714],[-60.0529,-13.5095],[-60.0182,-13.4422],[-60.1072,-13.4292],[-60.1387,-13.3876],[-60.1077,-13.3554],[-60.1671,-13.3111],[-60.1566,-13.2791],[-60.0824,-13.3136],[-60.0577,-13.287],[-60.0755,-13.2389],[-60.1065,-13.267],[-60.1632,-13.1752],[-60.143,-13.1451],[-60.3498,-13.098],[-60.3581,-13.0422],[-60.408,-13.0309],[-60.4713,-13.0647],[-60.4886,-12.9872],[-60.5542,-13.0674],[-60.5655,-12.9964],[-60.6337,-13.0318],[-60.692,-13.0096],[-60.7051,-12.8378],[-60.6137,-12.7632],[-60.6478,-12.7536],[-60.6216,-12.7317],[-60.6887,-12.6531],[-60.8203,-12.6847],[-60.8246,-12.763],[-60.8672,-12.7424],[-60.9128,-12.7803],[-61.1127,-12.7212],[-61.1992,-12.7268],[-61.2507,-12.6739],[-61.4681,-12.5817],[-61.693,-12.612],[-61.6482,-12.6446],[-61.6936,-12.6785],[-61.7081,-12.6332],[-61.8157,-12.5798],[-61.9023,-12.4865],[-61.9597,-12.4957],[-62.0084,-12.3917],[-62.0575,-12.3732],[-62.1738,-12.4509],[-62.1488,-12.5278],[-62.1825,-12.5457],[-62.2702,-12.4615],[-62.2985,-12.5332],[-62.622,-12.5784],[-62.649,-12.4642],[-62.4735,-12.3952],[-62.5255,-12.2993],[-62.3739,-12.288],[-62.3175,-12.2127],[-61.7794,-12.2131],[-61.5142,-12.1262],[-61.5103,-12.0834],[-61.3622,-12.0817],[-61.3365,-12.1114],[-61.2473,-12.0399],[-61.0651,-12.0696],[-61.0261,-12.0312],[-61.149,-11.9983],[-61.1443,-11.9206],[-61.2056,-11.9268],[-61.7617,-11.7501],[-62.0652,-11.5879],[-62.3395,-11.5157],[-62.3141,-11.4781],[-62.6036,-11.4438],[-62.6456,-11.361],[-62.5853,-11.3094],[-62.505,-11.3236],[-62.487,-11.2912],[-62.6041,-11.2237],[-62.575,-11.1171],[-61.5269,-11.4095],[-61.3177,-11.5113],[-61.1202,-11.5397],[-61.0224,-11.5868],[-60.9251,-11.5662],[-60.6622,-11.723],[-60.458,-11.7588],[-60.3094,-11.6945],[-60.4097,-11.6575],[-60.3112,-11.68],[-60.2593,-11.6241],[-60.272,-11.5793],[-60.189,-11.6265],[-60.2462,-11.6493],[-60.2315,-11.6661],[-60.0469,-11.6805],[-59.9447,-11.6324],[-59.9019,-11.6577],[-59.6385,-11.585],[-59.6937,-11.523],[-59.6242,-11.5402],[-59.5112,-11.4575],[-59.5379,-11.5033],[-59.4099,-11.6052],[-59.4257,-11.5304],[-59.3574,-11.5434],[-59.3697,-11.4694],[-59.3208,-11.4536],[-59.2693,-11.5148],[-59.0768,-11.5339],[-58.9271,-11.4947],[-58.7951,-11.5344],[-58.6638,-11.4689],[-58.5859,-11.3309],[-58.42,-11.363],[-58.2998,-11.318],[-58.2621,-11.2621],[-58.1423,-11.3315],[-58.1028,-11.258],[-58.01,-11.2762],[-57.9233,-11.2319],[-57.9004,-11.2473],[-57.9486,-11.2867],[-57.8745,-11.3682],[-57.8094,-11.3005],[-57.7219,-11.3227],[-57.723,-11.4002],[-57.6878,-11.3169],[-57.6298,-11.3434],[-57.5873,-11.3122],[-57.4989,-11.39],[-57.5002,-11.2964],[-57.371,-11.2945],[-57.3332,-11.3223],[-57.3776,-11.3633],[-57.3509,-11.3842],[-57.3698,-11.4081],[-57.1625,-11.4252],[-57.1774,-11.4935],[-57.0705,-11.5802],[-57.0278,-11.5576],[-57.018,-11.4726],[-56.9684,-11.4511],[-56.9066,-11.4849],[-56.8524,-11.3316],[-56.8891,-11.3043],[-56.856,-11.1456],[-56.8825,-11.1372],[-56.9295,-11.1896],[-56.9408,-11.1403],[-57.0169,-11.1049],[-57.043,-11.0058],[-57.0007,-10.9259],[-57.0954,-10.8738],[-57.0461,-10.8474],[-56.9074,-10.8841],[-56.8793,-10.9536],[-56.791,-11.0218],[-56.6682,-11.0635],[-56.6343,-11.2121],[-56.6664,-11.2929],[-56.6307,-11.3206],[-56.6477,-11.3608],[-56.6243,-11.3905],[-56.5866,-11.4095],[-56.5055,-11.3686],[-56.3204,-11.3703],[-56.2661,-11.3856],[-56.2249,-11.4718],[-56.147,-11.4797],[-56.0365,-11.5853],[-55.9433,-11.5375],[-55.8568,-11.5637],[-55.8384,-11.5205],[-55.7915,-11.5465],[-55.7702,-11.5147],[-55.7687,-11.6195],[-55.6383,-11.6373],[-55.5734,-11.5698],[-55.5756,-11.5206],[-55.4877,-11.3902],[-55.4176,-11.3805],[-55.4493,-11.3078],[-55.3901,-11.2787],[-55.3922,-11.2396],[-55.3216,-11.3126],[-55.3477,-11.3613],[-55.2733,-11.418],[-55.2322,-11.2796],[-55.0504,-11.2137],[-54.9985,-11.1143],[-55.1132,-11.1219],[-55.1111,-11.0611],[-55.0327,-11.074],[-54.9821,-11.0201],[-54.9544,-11.0694],[-54.8444,-11.0696],[-54.8064,-11.1075],[-54.7724,-11.0662],[-54.8087,-11.0055],[-54.7671,-10.9977],[-54.7068,-11.0967],[-54.6356,-11.1414],[-54.594,-11.0379],[-54.5461,-11.0803],[-54.4169,-11.0607],[-54.36,-10.9834],[-54.2991,-10.9715],[-54.2798,-10.9164],[-54.3049,-10.8373],[-54.1941,-10.8071],[-54.1471,-10.7596],[-54.1598,-10.7141],[-54.0341,-10.6724],[-54.0365,-10.713],[-53.9441,-10.7208],[-53.9128,-10.6672],[-53.8813,-10.7215],[-53.8511,-10.6968],[-53.7997,-10.7311],[-53.7379,-10.7031],[-53.6814,-10.6251],[-53.7287,-10.5848],[-53.7174,-10.5063],[-53.6792,-10.4961],[-53.7202,-10.449],[-53.7113,-10.4136],[-53.6437,-10.4219],[-53.6241,-10.458],[-53.6217,-10.3834],[-53.4889,-10.4123],[-53.3672,-10.3197],[-53.3019,-10.327],[-53.2636,-10.2409],[-53.2143,-10.3399],[-53.1119,-10.3391],[-53.1299,-10.2476],[-53.0971,-10.2493],[-53.1035,-10.1925],[-53.0207,-10.1683],[-53.015,-10.1053],[-52.9426,-10.0318],[-52.9137,-10.0898],[-52.8025,-10.0778],[-52.7314,-10.1103],[-52.6323,-10.0453],[-52.6228,-10.118],[-52.4944,-10.1729],[-52.5098,-10.2506],[-52.3822,-10.2058],[-52.3458,-10.1599],[-52.1,-10.2658],[-52.0955,-10.3285],[-52.0041,-10.3764],[-51.999,-10.46],[-51.9775,-10.3766],[-51.8558,-10.2673],[-51.7604,-10.4023],[-51.7579,-10.4277],[-51.8504,-10.3656],[-51.815,-10.4247],[-51.8437,-10.4587],[-51.7989,-10.5028],[-51.8428,-10.578],[-51.8443,-10.5257],[-51.9218,-10.5944],[-51.9709,-10.5725],[-52.0942,-10.6041],[-52.0604,-10.6389],[-52.1058,-10.6994],[-52.0606,-10.7247],[-52.1159,-10.7304],[-52.1474,-10.828],[-52.1193,-10.7884],[-52.0811,-10.7904],[-52.106,-10.8243],[-52.0683,-10.8499],[-52.1138,-10.8443],[-52.1295,-10.878],[-52.044,-11.021],[-52.0497,-11.0769],[-52.0053,-11.1161],[-51.9332,-11.0995],[-51.8118,-11.1917],[-51.8509,-11.2413],[-51.8208,-11.3149],[-51.7185,-11.465],[-51.6844,-11.4514],[-51.6556,-11.51],[-51.5087,-11.5622],[-51.5183,-11.6679],[-51.4154,-11.6296],[-51.3803,-11.6551],[-51.3341,-11.6176],[-51.26,-11.6403],[-51.2776,-11.7424],[-51.3155,-11.7702],[-51.273,-11.8033],[-51.3213,-11.8325],[-51.2577,-11.844],[-51.3168,-11.8732],[-51.2788,-11.8708],[-51.2656,-11.9032],[-51.2804,-12.0441],[-51.2337,-12.0558],[-51.2758,-12.1132],[-51.227,-12.1339],[-51.2198,-12.0761],[-51.1764,-12.1158],[-51.2091,-12.2448],[-51.234,-12.2357],[-51.1921,-12.2948],[-51.2464,-12.2989],[-51.2849,-12.3536],[-51.365,-12.3244],[-51.388,-12.2726]]]}},{"type":"Feature","properties":{"nome":"Afogados de Ingazeira","situacao":"Terrestre"},"geometry":{"type":"Polygon","coordinates":[[[-37.6146,-7.8056],[-37.6124,-7.9049],[-37.7273,-8.0162],[-37.8386,-7.9785],[-37.6672,-7.8169],[-37.6146,-7.8056]]]}},{"type":"Feature","properties":{"nome":"Mucuri_Mar","situacao":"Marítima"},"geometry":{"type":"Polygon","coordinates":[[[-35.6019,-19.5627],[-39.6707,-18.3527],[-39.6366,-18.2356],[-39.5516,-18.1007],[-39.5637,-18.1096],[-39.583,-18.0839],[-39.5502,-18.0962],[-39.4434,-17.9453],[-39.2716,-17.8722],[-39.1368,-17.687],[-35.2247,-17.5847],[-35.1991,-18.1188],[-35.2562,-18.617],[-35.3912,-19.1015],[-35.6019,-19.5627]]]}},{"type":"Feature","properties":{"nome":"Alagoas_Terra","situacao":"Terrestre"},"geometry":{"type":"MultiPolygon","coordinates":[[[[-35.2523,-8.7689],[-35.1246,-8.814],[-35.1297,-8.8675],[-35.3067,-9.1938],[-35.6501,-9.5679],[-35.6949,-9.6652],[-35.813,-9.7326],[-36.0465,-10.0761],[-36.2723,-10.2755],[-36.4001,-10.5122],[-36.4499,-10.4178],[-36.572,-10.4153],[-36.5809,-10.3202],[-36.6288,-10.2598],[-36.714,-10.2818],[-36.8299,-10.2134],[-36.7946,-10.1442],[-36.7777,-10.1706],[-36.6776,-10.1248],[-36.6536,-10.1634],[-36.6667,-10.1234],[-36.6028,-10.1326],[-36.5897,-10.1127],[-36.5602,-10.0998],[-36.606,-10.1468],[-36.6302,-10.147],[-36.6443,-10.1621],[-36.5541,-10.135],[-36.5323,-10.085],[-36.5755,-10.0714],[-36.553,-10.0308],[-36.512,-10.0331],[-36.5679,-9.9249],[-36.4913,-9.9411],[-36.5404,-9.9277],[-36.6373,-9.7798],[-36.7401,-9.7006],[-36.6783,-9.6812],[-36.6179,-9.7474],[-36.5664,-9.7281],[-36.4983,-9.7492],[-36.4968,-9.7883],[-36.4503,-9.7952],[-36.4184,-9.8596],[-36.3851,-9.867],[-36.4047,-9.7932],[-36.4702,-9.7781],[-36.4658,-9.6788],[-36.5305,-9.6171],[-36.4738,-9.6519],[-36.4882,-9.6268],[-36.4401,-9.6163],[-36.4416,-9.5914],[-36.3647,-9.5915],[-36.3638,-9.6291],[-36.3853,-9.625],[-36.3441,-9.6395],[-36.3649,-9.6643],[-36.3294,-9.6761],[-36.3527,-9.6959],[-36.3147,-9.6813],[-36.2951,-9.6998],[-36.3239,-9.6966],[-36.3177,-9.7124],[-36.2631,-9.7259],[-36.2259,-9.6997],[-36.1696,-9.7269],[-36.2006,-9.7064],[-36.2014,-9.6382],[-36.1778,-9.6814],[-36.1196,-9.7013],[-36.1641,-9.6793],[-36.1582,-9.6282],[-36.0811,-9.6674],[-36.1221,-9.6171],[-36.1603,-9.6186],[-36.1616,-9.5778],[-36.1052,-9.5881],[-36.0507,-9.5519],[-36.0163,-9.5866],[-36.0373,-9.5435],[-36.014,-9.5088],[-35.9614,-9.5571],[-35.8846,-9.5443],[-35.8309,-9.4843],[-35.8646,-9.3714],[-35.776,-9.4575],[-35.8031,-9.3837],[-35.7391,-9.4424],[-35.734,-9.4024],[-35.6124,-9.3287],[-35.598,-9.2718],[-35.6714,-9.2316],[-35.5952,-9.2631],[-35.5511,-9.2023],[-35.5776,-9.1561],[-35.5612,-8.9966],[-35.4589,-9.0101],[-35.4538,-8.9688],[-35.4068,-8.9379],[-35.337,-9.0314],[-35.2819,-9.0318],[-35.2653,-8.957],[-35.2388,-8.9937],[-35.2465,-8.9529],[-35.1766,-8.9464],[-35.207,-8.918],[-35.1585,-8.9062],[-35.2261,-8.8802],[-35.1444,-8.8327],[-35.2215,-8.8208],[-35.2074,-8.7991],[-35.2523,-8.7689]]],[[[-35.0886,-8.7383],[-35.1187,-8.8052],[-35.1666,-8.7802],[-35.1216,-8.787],[-35.1461,-8.7351],[-35.0886,-8.7383]]]]}},{"type":"Feature","properties":{"nome":"Lima Campos","situacao":"Terrestre"},"geometry":{"type":"Polygon","coordinates":[[[-39.057,-6.4534],[-39.0814,-6.4391],[-39.0685,-6.403],[-38.9309,-6.3133],[-38.951,-6.3958],[-39.057,-6.4534]]]}},{"type":"Feature","properties":{"nome":"Betânia","situacao":"Terrestre"},"geometry":{"type":"Polygon","coordinates":[[[-38.1478,-8.2726],[-38.3057,-8.3388],[-38.3126,-8.3322],[-38.2194,-8.2598],[-38.2098,-8.1994],[-38.1043,-8.1531],[-38.0717,-8.0815],[-37.9502,-8.0724],[-38.0539,-8.1562],[-38.0322,-8.1984],[-38.1657,-8.2259],[-38.1478,-8.2726]]]}},{"type":"Feature","properties":{"nome":"Rio do Peixe","situacao":"Terrestre"},"geometry":{"type":"Polygon","coordinates":[[[-38.3067,-6.8429],[-38.3512,-6.8762],[-38.3305,-6.8431],[-38.4448,-6.8461],[-38.4267,-6.8157],[-38.5982,-6.7896],[-38.574,-6.7545],[-38.709,-6.6858],[-38.6907,-6.615],[-38.637,-6.5678],[-38.4628,-6.5477],[-38.3499,-6.5004],[-38.5224,-6.6971],[-38.2568,-6.6578],[-38.2801,-6.6931],[-38.1967,-6.6497],[-38.2699,-6.696],[-38.1169,-6.701],[-38.0633,-6.7473],[-38.086,-6.782],[-38.0578,-6.8001],[-37.9922,-6.8003],[-37.9103,-6.7349],[-37.834,-6.7235],[-37.8177,-6.751],[-37.9326,-6.8277],[-38.3067,-6.8429]]]}},{"type":"Feature","properties":{"nome":"Recôncavo_Terra","situacao":"Terrestre"},"geometry":{"type":"Polygon","coordinates":[[[-38.5367,-12.7945],[-38.5326,-12.7246],[-38.5421,-12.7147],[-38.5872,-12.7149],[-38.6427,-12.8136],[-38.6595,-12.7759],[-38.6219,-12.7507],[-38.6424,-12.6411],[-38.691,-12.6266],[-38.6922,-12.6663],[-38.7127,-12.5945],[-38.7249,-12.6079],[-38.7499,-12.7579],[-38.8153,-12.8424],[-38.7416,-12.8902],[-38.7832,-12.9976],[-38.7525,-13.0138],[-38.769,-13.0385],[-38.7276,-13.0283],[-38.6686,-12.9601],[-38.6854,-12.8779],[-38.6282,-12.9102],[-38.6161,-12.984],[-38.7638,-13.1187],[-38.9328,-13.2183],[-38.9667,-13.2916],[-38.9594,-13.3848],[-39.0452,-13.3719],[-39.0387,-13.3425],[-39.0492,-13.3337],[-39.0821,-13.392],[-39.0717,-13.2571],[-38.953,-12.9742],[-38.9708,-12.9437],[-38.9478,-12.9534],[-38.8637,-12.5575],[-38.8312,-12.4669],[-38.7079,-12.3713],[-38.724,-12.3064],[-38.6963,-12.3203],[-38.6884,-12.2402],[-38.466,-12.0224],[-38.3474,-11.8254],[-38.32,-11.8936],[-38.2383,-11.8264],[-38.2224,-11.8632],[-38.2002,-11.8292],[-38.1685,-11.8681],[-38.0976,-11.833],[-38.0608,-11.8521],[-37.9352,-11.798],[-37.9599,-11.8],[-37.827,-11.6455],[-37.8577,-11.7105],[-37.8181,-11.7542],[-37.7478,-11.6828],[-37.7717,-11.8368],[-37.8564,-11.9801],[-37.9331,-12.0197],[-37.9159,-12.0798],[-38.0238,-12.2488],[-37.9448,-12.3476],[-38.0147,-12.3759],[-38.0027,-12.4468],[-38.0384,-12.426],[-38.092,-12.5096],[-38.1413,-12.7252],[-38.2594,-12.798],[-38.2583,-12.7583],[-38.4027,-12.789],[-38.433,-12.819],[-38.4601,-12.8982],[-38.5177,-12.9759],[-38.4736,-12.8412],[-38.5011,-12.7889],[-38.4579,-12.8156],[-38.4484,-12.7681],[-38.4242,-12.7726],[-38.4556,-12.7498],[-38.4899,-12.7893],[-38.4985,-12.7281],[-38.5367,-12.7945]]]}},{"type":"Feature","properties":{"nome":"Mirandiba","situacao":"Terrestre"},"geometry":{"type":"Polygon","coordinates":[[[-38.5878,-8.1285],[-38.7115,-8.1558],[-38.7852,-8.1141],[-38.628,-8.0672],[-38.6258,-8.1193],[-38.5878,-8.1285]]]}},{"type":"Feature","properties":{"nome":"Camamu-Almada_Mar","situacao":"Marítima"},"geometry":{"type":"Polygon","coordinates":[[[-39.0538,-14.7787],[-39.0653,-14.6376],[-38.9282,-13.9397],[-38.9982,-13.745],[-38.9671,-13.6711],[-38.9142,-13.6742],[-38.8889,-13.644],[-38.9356,-13.5605],[-38.8886,-13.449],[-38.9065,-13.3784],[-38.9434,-13.3961],[-38.9614,-13.3679],[-38.9653,-13.2841],[-38.9328,-13.2183],[-38.6737,-13.0377],[-38.5334,-13.0082],[-35.3311,-13.0178],[-34.6091,-13.5765],[-34.9142,-14.0883],[-35.4116,-14.7776],[-39.0538,-14.7787]]]}},{"type":"Feature","properties":{"nome":"Socorro-Santo Ignácio","situacao":"Terrestre"},"geometry":{"type":"Polygon","coordinates":[[[-40.7433,-8.0499],[-40.7663,-7.9873],[-40.6962,-8.0294],[-40.6848,-7.986],[-40.5537,-7.9566],[-40.4254,-8.0199],[-40.587,-8.0726],[-40.7433,-8.0499]]]}},{"type":"Feature","properties":{"nome":"Tacutu","situacao":"Terrestre"},"geometry":{"type":"Polygon","coordinates":[[[-60.0039,3.1028],[-60.0023,3.2243],[-60.1007,3.1915],[-60.1107,3.122],[-60.2068,3.0437],[-60.2004,2.9808],[-60.1555,3.0195],[-60.0804,2.9972],[-60.115,2.9903],[-60.1299,2.9141],[-60.1607,2.9377],[-60.2428,2.7833],[-60.4841,2.7533],[-60.6014,2.6342],[-60.644,2.6538],[-60.7023,2.6184],[-60.7206,2.6584],[-60.8261,2.5748],[-60.8514,2.4511],[-60.9125,2.4711],[-60.8935,2.5061],[-60.9405,2.5215],[-60.9093,2.5929],[-60.9404,2.6517],[-61.1306,2.7213],[-61.2293,2.6555],[-61.2882,2.6622],[-61.3253,2.7332],[-61.3093,2.8516],[-61.1283,2.9145],[-61.1467,2.9985],[-61.1003,3.0053],[-60.9014,3.2149],[-60.8846,3.4485],[-60.8564,3.4997],[-60.7295,3.5659],[-60.7556,3.6641],[-60.7067,3.755],[-60.5489,3.8068],[-60.6198,3.9583],[-60.606,3.9813],[-60.5294,3.9732],[-60.5234,4.0176],[-60.7322,4.113],[-60.7338,4.1503],[-60.6527,4.1183],[-60.6016,4.1752],[-60.6976,4.2457],[-60.3596,4.1232],[-60.388,4.0968],[-60.3734,4.0507],[-60.3135,4.0409],[-60.4598,3.9801],[-60.4457,3.9047],[-60.4703,3.8773],[-60.3818,3.8427],[-60.299,3.7312],[-60.1489,3.7818],[-60.0023,3.765],[-59.9058,3.718],[-59.8721,3.7295],[-59.9028,3.7859],[-59.8786,3.841],[-59.7103,3.8981],[-59.5793,3.8312],[-59.5993,3.7937],[-59.6654,3.7818],[-59.669,3.7026],[-59.8668,3.5773],[-59.8071,3.5104],[-59.8423,3.4247],[-59.8146,3.4276],[-59.8062,3.3547],[-59.834,3.3529],[-59.8759,3.2232],[-59.9087,3.2098],[-59.9093,3.1115],[-59.9565,3.0807],[-59.9622,3.0142],[-60.0038,2.992],[-60.0762,3.018],[-60.0039,3.1028]]]}},{"type":"Feature","properties":{"nome":"Irecê","situacao":"Terrestre"},"geometry":{"type":"Polygon","coordinates":[[[-40.5464,-10.5963],[-40.609,-10.6671],[-40.5903,-10.482],[-40.6586,-10.523],[-40.6849,-10.4992],[-40.6555,-10.5662],[-40.7223,-10.6685],[-40.7609,-10.571],[-40.7472,-10.5326],[-40.7801,-10.503],[-40.8389,-10.5431],[-40.8071,-10.56],[-40.8328,-10.5914],[-40.8091,-10.6274],[-40.7755,-10.6067],[-40.7297,-10.6945],[-40.7494,-10.7283],[-40.7754,-10.672],[-40.7607,-10.7264],[-40.7314,-10.7407],[-40.8109,-10.7801],[-40.7133,-10.7785],[-40.6954,-10.8794],[-40.6405,-10.8664],[-40.6769,-10.8886],[-40.6787,-11.0744],[-40.7495,-11.2674],[-40.7715,-11.2885],[-40.7851,-11.269],[-40.807,-11.3698],[-40.8537,-11.3729],[-40.8612,-11.4093],[-40.8751,-11.3497],[-40.8977,-11.3915],[-40.9222,-11.3745],[-40.9872,-11.4858],[-41.0717,-11.4549],[-41.0337,-11.3864],[-41.0435,-11.3137],[-41.143,-11.1232],[-41.1191,-11.0717],[-41.1418,-11.0518],[-41.1515,-11.0986],[-41.19,-11.0265],[-41.206,-10.9173],[-41.2288,-10.9018],[-41.2682,-10.9833],[-41.2834,-10.9339],[-41.3151,-10.9749],[-41.3135,-11.0533],[-41.2267,-11.047],[-41.2314,-11.1426],[-41.2669,-11.1209],[-41.3355,-11.167],[-41.2839,-11.2901],[-41.3522,-11.3666],[-41.3748,-11.6583],[-41.4437,-11.7228],[-41.4899,-11.9271],[-41.5341,-11.9847],[-41.5341,-12.1105],[-41.4968,-12.1703],[-41.4798,-12.1494],[-41.5131,-12.2301],[-41.5044,-12.371],[-41.5724,-12.4851],[-41.5918,-12.4464],[-41.6826,-12.4181],[-41.6894,-12.3325],[-41.7444,-12.2832],[-41.7171,-12.2287],[-41.7858,-12.0434],[-41.8209,-12.0554],[-41.8237,-12.1084],[-41.9341,-11.8787],[-42.0016,-11.8261],[-42.0663,-11.8242],[-41.9848,-12.0426],[-41.9758,-12.1966],[-42.0292,-12.0099],[-42.3288,-11.4709],[-42.3843,-11.2468],[-42.3508,-11.2558],[-42.1482,-11.5848],[-42.0999,-11.611],[-42.044,-11.5902],[-42.059,-11.4806],[-42.1604,-11.268],[-42.2495,-11.1747],[-42.3499,-11.1443],[-42.3841,-11.05],[-42.4966,-10.9323],[-42.585,-10.9525],[-42.6355,-10.9307],[-42.697,-11.0051],[-42.7106,-11.0813],[-42.7233,-11.03],[-42.7361,-11.0825],[-42.7234,-10.9948],[-42.784,-10.9159],[-42.6436,-10.6672],[-42.5023,-10.796],[-42.4929,-10.7515],[-42.5373,-10.7478],[-42.538,-10.6986],[-42.5036,-10.7066],[-42.4626,-10.6362],[-42.4351,-10.4801],[-42.4499,-10.4591],[-42.5631,-10.4815],[-42.455,-10.3824],[-42.4539,-10.3092],[-42.3973,-10.2349],[-42.4314,-10.1249],[-42.3684,-10.0477],[-42.2425,-10.0694],[-42.2117,-10.0388],[-42.2045,-10.0739],[-42.082,-10.0427],[-41.8795,-10.1287],[-41.7373,-10.0816],[-41.6349,-9.974],[-41.5559,-9.9507],[-41.4825,-9.9591],[-41.4235,-10.0331],[-41.3689,-10.0486],[-41.3447,-10.0763],[-41.3787,-10.1103],[-41.5919,-10.188],[-41.6755,-10.3204],[-41.7224,-10.3584],[-41.7872,-10.3563],[-41.7544,-10.4392],[-41.7228,-10.4005],[-41.7115,-10.4734],[-41.7382,-10.5127],[-41.7054,-10.5935],[-41.6635,-10.5763],[-41.6684,-10.6796],[-41.4761,-10.8508],[-41.4116,-10.8067],[-41.404,-10.7676],[-41.4224,-10.7889],[-41.4578,-10.7443],[-41.5199,-10.7324],[-41.5442,-10.677],[-41.4867,-10.667],[-41.3805,-10.5378],[-41.3573,-10.583],[-41.3008,-10.5669],[-41.2487,-10.6087],[-41.2723,-10.6426],[-41.2148,-10.6992],[-41.22,-10.8059],[-41.0553,-10.682],[-41.1338,-10.6438],[-41.1177,-10.616],[-41.1094,-10.6407],[-41.0517,-10.6333],[-41.0569,-10.5627],[-41.0414,-10.5464],[-41.0344,-10.4971],[-41.0128,-10.4738],[-41.0855,-10.503],[-41.0475,-10.5477],[-41.0833,-10.5579],[-41.0779,-10.6163],[-41.1761,-10.57],[-41.1891,-10.525],[-41.132,-10.5325],[-41.1465,-10.4521],[-41.2246,-10.5136],[-41.2701,-10.5125],[-41.2691,-10.4831],[-41.1475,-10.3739],[-41.1614,-10.4254],[-41.1177,-10.4525],[-41.0683,-10.4098],[-41.0664,-10.3365],[-41.1389,-10.3685],[-41.055,-10.3043],[-40.9979,-10.3718],[-40.95,-10.2848],[-40.9545,-10.2213],[-41.0213,-10.2403],[-41.0074,-10.2779],[-41.0526,-10.2978],[-41.0316,-10.2049],[-41.0512,-10.1479],[-40.9986,-10.1221],[-40.9633,-10.183],[-40.9462,-10.0518],[-40.8149,-9.9971],[-40.8071,-9.9674],[-40.8611,-9.9552],[-40.7158,-9.9244],[-40.6491,-9.8728],[-40.4886,-9.8948],[-40.4396,-9.8631],[-40.3879,-10.0507],[-40.4391,-10.3623],[-40.4201,-10.4124],[-40.4521,-10.4075],[-40.445,-10.4805],[-40.4803,-10.4764],[-40.4676,-10.4997],[-40.4981,-10.5106],[-40.5093,-10.6143],[-40.5464,-10.5963]]]}},{"type":"Feature","properties":{"nome":"Tucano Central","situacao":"Terrestre"},"geometry":{"type":"Polygon","coordinates":[[[-38.0412,-10.432],[-38.1193,-10.6284],[-38.1861,-10.9839],[-38.1144,-11.1336],[-38.0755,-11.1128],[-37.9862,-11.2535],[-38.0204,-11.3986],[-37.9861,-11.4428],[-38.0062,-11.4776],[-38.0245,-11.4634],[-38.0115,-11.5262],[-38.0206,-11.4859],[-38.0551,-11.5319],[-38.0595,-11.4881],[-38.1954,-11.3717],[-38.3867,-11.2785],[-38.4766,-11.0927],[-38.5128,-11.1073],[-38.5446,-11.0691],[-38.5511,-11.1336],[-38.5887,-11.1471],[-38.7402,-11.0296],[-38.7576,-11.0804],[-38.9403,-11.0695],[-38.928,-11.0002],[-39.0147,-10.8658],[-38.9869,-10.825],[-39.0157,-10.6157],[-38.9853,-10.5808],[-39.0489,-10.499],[-39.0478,-10.4238],[-39.1531,-10.3304],[-39.1674,-10.2547],[-39.1135,-10.1341],[-39.0095,-10.2664],[-38.8894,-10.2475],[-39.0108,-10.2221],[-38.9941,-10.0533],[-38.9652,-10.0702],[-38.9614,-10.0433],[-39.0473,-9.984],[-38.8545,-10.0158],[-38.875,-9.9845],[-38.8168,-9.9193],[-38.7115,-9.8876],[-38.5515,-9.9503],[-38.5454,-9.9937],[-38.412,-10.0339],[-38.3968,-10.0084],[-38.2837,-10.004],[-38.3226,-10.0805],[-38.1867,-10.0861],[-38.1706,-10.1162],[-38.222,-10.2568],[-38.1984,-10.2747],[-38.1526,-10.2099],[-38.1494,-10.2732],[-38.1004,-10.2658],[-38.1039,-10.3277],[-38.007,-10.421],[-38.0412,-10.432]]]}},{"type":"Feature","properties":{"nome":"SEAL_Mar","situacao":"Marítima"},"geometry":{"type":"Polygon","coordinates":[[[-37.3292,-11.4426],[-37.2614,-11.2893],[-36.9377,-10.832],[-36.8084,-10.705],[-36.6206,-10.5899],[-36.4001,-10.5204],[-36.2723,-10.2755],[-36.0465,-10.0761],[-35.813,-9.7326],[-35.6949,-9.6652],[-35.6501,-9.5679],[-35.3542,-9.2558],[-35.1822,-8.9787],[-35.0903,-8.7312],[-32.0103,-10.1672],[-32.2811,-10.7439],[-32.6918,-11.3417],[-33.8732,-12.7555],[-34.1407,-13.0133],[-34.4563,-13.2589],[-34.6091,-13.5765],[-37.3292,-11.4426]]]}},{"type":"Feature","properties":{"nome":"Alto Tapajós","situacao":"Terrestre"},"geometry":{"type":"Polygon","coordinates":[[[-58.2839,-8.2049],[-58.4186,-8.4877],[-58.4165,-8.636],[-58.4729,-8.747],[-58.4779,-8.8456],[-58.5188,-8.8897],[-58.7119,-8.8794],[-58.9016,-8.9601],[-59.0124,-8.9485],[-59.0382,-8.8508],[-59.2267,-8.7578],[-59.2498,-8.7274],[-59.1966,-8.6751],[-59.2278,-8.6117],[-59.3341,-8.5347],[-59.3993,-8.587],[-59.4644,-8.5853],[-59.4895,-8.5582],[-59.4646,-8.4992],[-59.4883,-8.4427],[-59.6305,-8.372],[-59.5448,-8.3315],[-59.1633,-8.4392],[-59.0283,-8.3664],[-58.9123,-8.2399],[-58.9168,-8.0349],[-58.8596,-7.9725],[-58.8434,-7.8503],[-58.8719,-7.8176],[-58.8079,-7.7677],[-58.8266,-7.7152],[-58.6925,-7.5677],[-58.5396,-7.5212],[-58.4902,-7.5655],[-58.3869,-7.4619],[-58.3682,-7.3305],[-58.4409,-7.3432],[-58.4547,-7.4115],[-58.5139,-7.4271],[-58.549,-7.488],[-58.7227,-7.5429],[-58.7628,-7.4818],[-58.7472,-7.4323],[-58.6673,-7.4116],[-58.662,-7.3474],[-58.619,-7.3329],[-58.6671,-7.3142],[-58.6493,-7.1691],[-58.714,-7.1524],[-58.6809,-6.9493],[-58.7109,-6.9253],[-58.6931,-6.8986],[-58.7308,-6.8074],[-58.6548,-6.6571],[-58.6863,-6.6147],[-58.6209,-6.5439],[-58.7149,-6.4365],[-58.6988,-6.3542],[-58.7304,-6.219],[-58.7838,-6.1912],[-58.7838,-6.1103],[-58.5767,-6.2581],[-58.4699,-6.4705],[-58.4525,-6.5707],[-58.482,-6.577],[-58.4962,-6.6336],[-58.4536,-6.6981],[-58.3961,-6.6601],[-58.3997,-6.5998],[-58.1981,-6.5141],[-58.067,-6.537],[-58.0614,-6.5875],[-58.0469,-6.5529],[-57.978,-6.5562],[-57.9876,-6.6213],[-58.0158,-6.5997],[-58.057,-6.6233],[-57.9503,-6.7449],[-57.9187,-6.7451],[-57.8692,-6.6794],[-57.7616,-6.714],[-57.7241,-6.6987],[-57.6849,-6.8111],[-57.465,-7.0458],[-57.3811,-7.0868],[-57.3455,-7.1458],[-57.3622,-7.1921],[-57.2993,-7.2113],[-57.2105,-7.3049],[-57.1052,-7.334],[-57.0733,-7.3902],[-56.9742,-7.404],[-56.93,-7.4569],[-56.9253,-7.5132],[-56.8301,-7.6033],[-56.8799,-7.6154],[-56.8908,-7.6659],[-56.8632,-7.6544],[-56.8303,-7.7059],[-56.8213,-7.6751],[-56.7888,-7.7073],[-56.7588,-7.6936],[-56.773,-7.755],[-56.7378,-7.8516],[-56.7603,-7.8818],[-56.6434,-7.9541],[-56.5696,-7.9638],[-56.4463,-7.9656],[-56.4128,-7.9517],[-56.4335,-7.9074],[-56.395,-7.9166],[-56.3516,-8.0667],[-56.3032,-8.1014],[-56.2585,-8.0875],[-56.1515,-8.1673],[-56.0854,-8.14],[-56.0916,-8.1633],[-56.0705,-8.1434],[-56.0396,-8.1872],[-55.9677,-8.1911],[-55.9471,-8.2133],[-55.976,-8.2692],[-55.9218,-8.2675],[-55.5777,-8.4506],[-55.5224,-8.5899],[-55.4606,-8.5826],[-55.4377,-8.6175],[-55.3915,-8.6191],[-55.4003,-8.6554],[-55.3491,-8.6887],[-55.2667,-8.6635],[-55.1395,-8.7162],[-55.1495,-8.6796],[-55.1959,-8.6768],[-55.1623,-8.6478],[-55.096,-8.6674],[-55.0469,-8.7341],[-54.968,-8.7044],[-54.8734,-8.7541],[-54.8514,-8.7156],[-54.7266,-8.703],[-54.5652,-8.8249],[-54.5217,-8.7727],[-54.5177,-8.8773],[-54.4537,-8.9407],[-54.4712,-9.0661],[-54.2724,-9.1559],[-54.2929,-9.1818],[-54.3547,-9.1697],[-54.4425,-9.2632],[-54.4718,-9.3397],[-54.4262,-9.4153],[-54.4918,-9.404],[-54.5486,-9.5094],[-54.7261,-9.648],[-54.8742,-9.6288],[-54.9925,-9.574],[-55.1313,-9.585],[-55.1821,-9.4984],[-55.2592,-9.4727],[-55.4513,-9.5005],[-55.3742,-9.5383],[-55.2105,-9.5282],[-55.1787,-9.5654],[-55.1956,-9.6074],[-55.4141,-9.6595],[-55.4662,-9.6148],[-55.4791,-9.6784],[-55.4209,-9.6628],[-55.4338,-9.6838],[-55.3986,-9.7136],[-55.062,-9.6093],[-55.3723,-9.7214],[-55.4378,-9.723],[-55.4562,-9.6844],[-55.541,-9.7093],[-55.6501,-9.6245],[-55.7365,-9.639],[-55.814,-9.6945],[-55.8338,-9.6617],[-55.7914,-9.6245],[-55.7893,-9.5241],[-55.8471,-9.4507],[-56.0652,-9.4595],[-56.2364,-9.3266],[-56.5051,-9.2607],[-56.7557,-9.1533],[-56.8783,-9.1681],[-57.1071,-9.1302],[-57.4482,-9.19],[-57.6102,-9.1284],[-57.6579,-9.0173],[-57.9913,-8.8777],[-58.0366,-8.8814],[-58.0406,-8.9091],[-57.9333,-8.9762],[-57.9144,-8.955],[-57.7493,-9.1154],[-58.1955,-9.0615],[-58.2735,-8.9701],[-58.2266,-8.8893],[-58.2299,-8.7742],[-58.1546,-8.798],[-58.1437,-8.77],[-58.2015,-8.5205],[-58.1818,-8.3342],[-58.2839,-8.2049]]]}},{"type":"Feature","properties":{"nome":"São Paulo","situacao":"Terrestre"},"geometry":{"type":"Polygon","coordinates":[[[-46.6349,-23.66],[-46.6791,-23.7046],[-46.727,-23.671],[-46.7042,-23.5745],[-46.7961,-23.5759],[-46.8362,-23.5095],[-46.6138,-23.4994],[-46.5851,-23.4583],[-46.3786,-23.3703],[-46.3557,-23.388],[-46.3755,-23.4329],[-46.4883,-23.4579],[-46.365,-23.4661],[-46.3086,-23.4189],[-46.2982,-23.4587],[-46.3424,-23.473],[-46.2602,-23.4861],[-46.2902,-23.5178],[-46.2399,-23.5262],[-46.1453,-23.475],[-46.14,-23.5416],[-45.9858,-23.5551],[-45.9683,-23.5913],[-46.0788,-23.5671],[-46.0945,-23.6526],[-46.0947,-23.5669],[-46.1832,-23.5294],[-46.2145,-23.5978],[-46.1539,-23.6525],[-46.1857,-23.6333],[-46.1963,-23.6645],[-46.2544,-23.5727],[-46.2522,-23.6566],[-46.2642,-23.6845],[-46.2927,-23.6283],[-46.3543,-23.6733],[-46.293,-23.5856],[-46.35,-23.5819],[-46.3421,-23.4855],[-46.454,-23.5718],[-46.46,-23.5227],[-46.5092,-23.5627],[-46.5078,-23.6239],[-46.452,-23.6367],[-46.5445,-23.7217],[-46.6036,-23.7246],[-46.5707,-23.6138],[-46.6258,-23.6199],[-46.6349,-23.66]]]}},{"type":"Feature","properties":{"nome":"Ceará_Mar","situacao":"Marítima"},"geometry":{"type":"Polygon","coordinates":[[[-38.4335,-3.7751],[-38.4724,-3.7081],[-38.4996,-3.7256],[-38.6671,-3.675],[-38.8125,-3.5415],[-38.9092,-3.5051],[-38.9952,-3.3978],[-39.0838,-3.3939],[-39.2528,-3.2225],[-39.3846,-3.1845],[-39.59,-3.071],[-39.6197,-3.0267],[-39.988,-2.8429],[-40.5,-2.7848],[-40.5926,-2.8442],[-40.7603,-2.8505],[-40.8438,-2.8852],[-40.9064,-2.8592],[-41.102,-2.9013],[-41.2595,-2.8847],[-41.3388,-2.928],[-41.5938,-2.9059],[-41.8296,-2.7225],[-41.0253,0.5307],[-40.5969,0.5649],[-40.2314,0.5557],[-39.6742,0.4992],[-39.0652,0.3756],[-38.3791,0.1022],[-37.5941,-0.3176],[-37.2605,-0.5386],[-38.4335,-3.7751]]]}},{"type":"Feature","properties":{"nome":"São Francisco","situacao":"Terrestre"},"geometry":{"type":"Polygon","coordinates":[[[-43.3568,-12.4926],[-43.2185,-12.7392],[-43.2753,-12.843],[-43.0811,-13.0752],[-43.0822,-13.1267],[-43.1326,-13.1326],[-43.1151,-13.0931],[-43.1652,-13.0956],[-43.1928,-13.0701],[-43.181,-13.0271],[-43.2156,-13.0089],[-43.2311,-13.066],[-43.2701,-13.0635],[-43.2987,-13.1018],[-43.3288,-13.066],[-43.2854,-13.1788],[-43.3152,-13.3074],[-43.3411,-13.306],[-43.2524,-13.3594],[-43.2942,-13.2909],[-43.2519,-13.1941],[-43.1166,-13.1991],[-43.1598,-13.414],[-43.1851,-13.4348],[-43.2157,-13.4154],[-43.1992,-13.4837],[-43.2389,-13.506],[-43.1906,-13.5775],[-43.0736,-13.5767],[-43.1466,-13.5988],[-43.2615,-13.564],[-43.3008,-13.4979],[-43.3697,-13.4991],[-43.3921,-13.4494],[-43.4582,-13.632],[-43.4327,-13.8652],[-43.3616,-13.8677],[-43.3569,-13.7999],[-43.2792,-13.8362],[-43.313,-13.8428],[-43.3382,-13.8904],[-43.3188,-13.9037],[-43.4053,-13.9522],[-43.2954,-14.0612],[-43.2536,-14.0426],[-43.236,-14.0687],[-43.2612,-14.0834],[-43.1954,-14.1376],[-43.1446,-14.4193],[-43.0888,-14.4321],[-43.0928,-14.4008],[-43.0393,-14.4018],[-43.0524,-14.4374],[-42.9795,-14.5395],[-42.7955,-14.7141],[-42.8422,-14.7935],[-43.0141,-14.7109],[-43.0909,-14.7261],[-43.1116,-14.7644],[-43.1016,-14.8022],[-42.9975,-14.799],[-43.1286,-14.9316],[-43.0441,-15.3667],[-43.0753,-15.353],[-43.0969,-15.4016],[-43.0685,-15.4572],[-43.1086,-15.4951],[-43.0839,-15.504],[-43.1214,-15.5439],[-43.1218,-15.5658],[-43.067,-15.5172],[-43.1291,-15.7267],[-43.1583,-15.7147],[-43.1962,-15.7486],[-43.1962,-15.7173],[-43.2409,-15.7216],[-43.3239,-15.9517],[-43.2867,-15.9967],[-43.3314,-15.9933],[-43.5326,-16.9377],[-43.6014,-17.062],[-43.6196,-17.1687],[-43.5886,-17.2148],[-43.6142,-17.1889],[-43.6449,-17.2051],[-43.6054,-17.2213],[-43.5885,-17.259],[-43.6281,-17.2723],[-43.5974,-17.3152],[-43.5651,-17.3078],[-43.5768,-17.3477],[-43.5465,-17.3725],[-43.5837,-17.3805],[-43.6427,-17.3248],[-43.657,-17.3843],[-43.624,-17.3961],[-43.6396,-17.4561],[-43.665,-17.4578],[-43.7528,-17.3645],[-43.853,-17.549],[-43.8864,-17.7417],[-43.9455,-17.8691],[-44.0359,-17.9229],[-44.0727,-18.0289],[-44.0598,-18.2548],[-44.0184,-18.327],[-44.0488,-18.3643],[-44.0431,-18.5485],[-43.9893,-18.6008],[-43.8772,-18.8402],[-43.7996,-18.9211],[-43.6797,-19.1797],[-43.6633,-19.3541],[-43.6266,-19.3955],[-43.6785,-19.4519],[-43.6403,-19.5462],[-43.6727,-19.4946],[-43.6861,-19.5982],[-43.7054,-19.5677],[-43.7409,-19.5926],[-43.7167,-19.6572],[-43.8076,-19.6818],[-43.8279,-19.7299],[-43.8776,-19.7106],[-43.8794,-19.7614],[-43.9402,-19.7174],[-43.9933,-19.728],[-43.9654,-19.6933],[-43.9911,-19.7013],[-43.9755,-19.6825],[-44.0466,-19.6088],[-44.0974,-19.5909],[-44.1426,-19.6191],[-44.1998,-19.5529],[-44.2297,-19.5915],[-44.2545,-19.5449],[-44.2013,-19.5419],[-44.1801,-19.5092],[-44.3442,-19.4848],[-44.356,-19.435],[-44.3908,-19.4352],[-44.3938,-19.5066],[-44.4363,-19.4631],[-44.4874,-19.4798],[-44.5153,-19.4266],[-44.6368,-19.4818],[-44.6967,-19.4033],[-44.706,-19.4487],[-44.7921,-19.5151],[-44.7931,-19.5861],[-44.6814,-19.6629],[-44.7426,-19.6863],[-44.7404,-19.7238],[-44.8083,-19.6572],[-44.8427,-19.6789],[-44.9043,-19.6446],[-44.9271,-19.6824],[-44.9732,-19.5639],[-44.9841,-19.6227],[-45.03,-19.6247],[-45.0149,-19.6004],[-45.0518,-19.6038],[-45.0964,-19.532],[-45.0844,-19.5632],[-45.1138,-19.5495],[-45.1631,-19.6034],[-45.141,-19.6504],[-45.1904,-19.7469],[-45.2317,-19.6953],[-45.195,-19.6538],[-45.2234,-19.633],[-45.2112,-19.6591],[-45.253,-19.6661],[-45.2592,-19.7172],[-45.2772,-19.7011],[-45.2924,-19.7448],[-45.3253,-19.7411],[-45.2612,-19.7628],[-45.2252,-19.7468],[-45.2104,-19.7898],[-45.2373,-19.8248],[-45.2595,-19.8443],[-45.3081,-19.8163],[-45.3337,-19.8452],[-45.3625,-19.7961],[-45.3684,-19.8682],[-45.4214,-19.8653],[-45.4259,-19.9113],[-45.4458,-19.8876],[-45.4089,-19.9426],[-45.464,-19.9143],[-45.4175,-20.0012],[-45.4622,-20.0163],[-45.4549,-20.0812],[-45.5008,-20.1039],[-45.4555,-20.178],[-45.4865,-20.2628],[-45.4787,-20.384],[-45.444,-20.4029],[-45.475,-20.4452],[-45.474,-20.4142],[-45.4945,-20.4284],[-45.5126,-20.4949],[-45.5224,-20.459],[-45.5353,-20.5102],[-45.4709,-20.5047],[-45.4182,-20.4556],[-45.4465,-20.5153],[-45.5205,-20.522],[-45.5615,-20.5846],[-45.5079,-20.5556],[-45.3886,-20.5753],[-45.4401,-20.5962],[-45.5107,-20.5687],[-45.569,-20.6268],[-45.4955,-20.6285],[-45.5477,-20.6869],[-45.4111,-20.6324],[-45.3674,-20.6704],[-45.5644,-20.7085],[-45.5558,-20.7487],[-45.5026,-20.7708],[-45.5438,-20.7874],[-45.5679,-20.7427],[-45.6051,-20.7571],[-45.6416,-20.7259],[-45.627,-20.774],[-45.6589,-20.7749],[-45.6491,-20.8189],[-45.681,-20.8586],[-45.6192,-20.8934],[-45.6083,-20.9482],[-45.5451,-20.9413],[-45.5239,-20.975],[-45.5463,-21.0141],[-45.6243,-21.0106],[-45.6403,-20.9223],[-45.8665,-20.6821],[-45.8268,-20.6523],[-45.8359,-20.5187],[-45.8636,-20.5044],[-45.8485,-20.4364],[-45.9284,-20.4243],[-46.02,-20.4802],[-46.0334,-20.5074],[-45.9831,-20.5803],[-46.1497,-20.5457],[-46.4153,-20.3801],[-46.4376,-20.3429],[-46.3898,-20.2972],[-46.4186,-20.1865],[-46.5621,-20.1554],[-46.3957,-20.113],[-46.2509,-20.1306],[-46.2276,-20.081],[-46.2526,-20.001],[-46.0739,-19.8591],[-46.0864,-19.8271],[-46.0422,-19.838],[-46.1415,-19.7718],[-46.1711,-19.7006],[-46.2812,-19.6339],[-46.2739,-19.6111],[-46.2206,-19.6271],[-46.2343,-19.5553],[-46.2578,-19.4758],[-46.2896,-19.5092],[-46.2968,-19.4999],[-46.2747,-19.4544],[-46.3272,-19.4646],[-46.2911,-19.4313],[-46.3337,-19.3691],[-46.3187,-19.3469],[-46.2858,-19.4018],[-46.227,-19.3781],[-46.2887,-19.3554],[-46.2372,-19.3327],[-46.3115,-19.3106],[-46.276,-19.3047],[-46.2961,-19.2788],[-46.2333,-19.2923],[-46.2422,-19.2706],[-46.4143,-19.2727],[-46.4599,-19.2453],[-46.4607,-19.1711],[-46.5412,-19.0764],[-46.6893,-19.0554],[-46.7267,-19.1015],[-46.7686,-19.1032],[-46.9231,-19.0096],[-46.9438,-18.8923],[-46.8936,-18.8012],[-46.8186,-18.7573],[-46.7599,-18.7895],[-46.7291,-18.7468],[-46.7612,-18.7067],[-46.7277,-18.673],[-46.7629,-18.6315],[-46.7408,-18.5857],[-46.818,-18.4312],[-46.7418,-18.3213],[-46.7375,-18.2561],[-46.7811,-18.2283],[-46.8359,-18.3367],[-46.939,-18.4247],[-47.0003,-18.6469],[-47.0411,-18.5571],[-47.2139,-18.4137],[-47.0768,-18.2209],[-47.0867,-18.0382],[-47.1678,-17.9965],[-47.0968,-17.8607],[-47.1498,-17.8694],[-47.1473,-17.6484],[-47.0757,-17.5269],[-47.1037,-17.5222],[-47.1362,-17.4076],[-47.1929,-17.4018],[-47.1725,-17.3163],[-47.2119,-17.2787],[-47.1863,-17.2561],[-47.2168,-17.2667],[-47.2203,-17.2136],[-47.2838,-17.165],[-47.225,-17.1136],[-47.1125,-17.1027],[-47.0938,-17.0845],[-47.1166,-17.0662],[-47.0489,-17.0462],[-47.0486,-17.031],[-47.0997,-17.0431],[-47.1314,-17.0201],[-47.0275,-17.002],[-47.019,-16.967],[-47.0492,-16.9858],[-47.056,-16.9373],[-47.0696,-16.9764],[-47.1199,-16.9844],[-47.0871,-16.9605],[-47.1106,-16.9366],[-47.0777,-16.9276],[-47.1047,-16.9005],[-47.1466,-16.9586],[-47.1531,-16.9339],[-47.0547,-16.821],[-47.106,-16.8189],[-47.0918,-16.7589],[-47.0229,-16.7802],[-47.0197,-16.7494],[-47.0611,-16.731],[-47.0059,-16.7032],[-47.0323,-16.6468],[-47.0772,-16.726],[-47.0905,-16.659],[-47.1069,-16.6817],[-47.1391,-16.6835],[-47.0967,-16.7247],[-47.1372,-16.7823],[-47.128,-16.8402],[-47.1845,-16.9009],[-47.1884,-16.8588],[-47.1489,-16.8168],[-47.2101,-16.8042],[-47.1916,-16.7505],[-47.145,-16.7292],[-47.2083,-16.7399],[-47.2134,-16.7142],[-47.1539,-16.657],[-47.109,-16.6697],[-47.0802,-16.6114],[-47.1209,-16.5987],[-47.1218,-16.6299],[-47.1664,-16.633],[-47.2181,-16.6927],[-47.2226,-16.6579],[-47.2001,-16.6068],[-47.1799,-16.627],[-47.1806,-16.5897],[-47.1179,-16.5813],[-47.1398,-16.559],[-47.1091,-16.5495],[-47.1352,-16.5405],[-47.0722,-16.4705],[-47.1427,-16.502],[-47.1415,-16.3958],[-47.167,-16.4645],[-47.2315,-16.4459],[-47.2171,-16.495],[-47.1818,-16.5061],[-47.2196,-16.5167],[-47.1867,-16.5628],[-47.2282,-16.631],[-47.2948,-16.6152],[-47.2472,-16.5443],[-47.2584,-16.4247],[-47.2632,-16.4884],[-47.2999,-16.5166],[-47.284,-16.5452],[-47.3291,-16.5618],[-47.3446,-16.512],[-47.301,-16.4529],[-47.3584,-16.4452],[-47.3592,-16.4893],[-47.4259,-16.5396],[-47.4022,-16.3961],[-47.3789,-16.432],[-47.3591,-16.3944],[-47.3022,-16.4158],[-47.2728,-16.3661],[-47.2712,-16.4208],[-47.2458,-16.4259],[-47.26,-16.3835],[-47.2263,-16.4043],[-47.2125,-16.3728],[-47.2723,-16.3215],[-47.3006,-16.3354],[-47.2695,-16.297],[-47.3149,-16.2817],[-47.3316,-16.2037],[-47.4534,-16.1844],[-47.4343,-16.1744],[-47.5092,-16.0888],[-47.4924,-15.9527],[-47.5333,-15.9459],[-47.5238,-15.87],[-47.6049,-15.7946],[-47.5152,-15.7016],[-47.4452,-15.6894],[-47.4474,-15.5378],[-47.3114,-15.5996],[-47.2844,-15.5434],[-47.3098,-15.5371],[-47.3332,-15.5813],[-47.3848,-15.5427],[-47.4018,-15.4078],[-47.502,-15.2765],[-47.5116,-15.1498],[-47.5661,-15.039],[-47.5665,-15.0049],[-47.4824,-14.9216],[-47.4964,-14.97],[-47.4733,-14.9762],[-47.4618,-14.7812],[-47.3642,-14.5651],[-47.2956,-14.2035],[-47.3052,-14.0911],[-47.3673,-14.0764],[-47.4459,-14.1075],[-47.4788,-14.0971],[-47.5011,-14.0644],[-47.4594,-14.0923],[-47.2932,-14.0187],[-47.2914,-14.0611],[-47.2272,-14.0814],[-46.9746,-13.9735],[-46.9918,-13.8718],[-46.9472,-13.7693],[-46.9108,-13.7898],[-46.8576,-13.7369],[-46.8831,-13.6549],[-46.8526,-13.6587],[-46.8498,-13.5159],[-46.8918,-13.4461],[-46.7852,-13.2154],[-46.8027,-13.1135],[-46.7562,-13.0754],[-46.7748,-13.0292],[-46.7495,-12.9898],[-46.8016,-12.8818],[-46.9031,-12.8295],[-46.8748,-12.7788],[-46.9413,-12.6337],[-46.9174,-12.615],[-46.9628,-12.529],[-46.9447,-12.5012],[-46.9907,-12.502],[-46.9971,-12.424],[-47.0942,-12.3575],[-47.0335,-12.3386],[-47.0785,-12.3189],[-47.041,-12.2955],[-47.0546,-12.1497],[-47.016,-12.1373],[-46.9819,-12.1833],[-46.9944,-12.1385],[-46.9614,-12.0664],[-46.9849,-12.0309],[-46.9107,-12.0531],[-46.8788,-11.8815],[-46.8242,-11.833],[-46.7931,-11.8523],[-46.7996,-11.8137],[-46.7733,-11.8222],[-46.7484,-11.6672],[-46.7687,-11.6472],[-46.782,-11.6855],[-46.7999,-11.6434],[-46.6792,-11.4881],[-46.2484,-11.1161],[-45.7687,-10.8273],[-45.4261,-10.6805],[-45.2162,-10.6433],[-45.2731,-10.7091],[-45.2414,-10.7587],[-45.2219,-10.7293],[-45.2316,-10.758],[-45.2031,-10.7618],[-45.2178,-10.821],[-45.2583,-10.8305],[-45.2494,-10.8602],[-45.2106,-10.8599],[-45.2534,-10.8723],[-45.2236,-10.8967],[-45.2619,-10.9022],[-45.2205,-10.9265],[-45.247,-10.9536],[-45.2231,-10.9741],[-45.27,-10.9836],[-45.2917,-10.9534],[-45.3169,-11.0044],[-45.3849,-11.0192],[-45.3715,-11.0999],[-45.4174,-11.118],[-45.4091,-11.1695],[-45.3441,-11.174],[-45.3379,-11.2212],[-45.313,-11.1529],[-45.1899,-11.131],[-45.2628,-11.1786],[-45.2591,-11.2487],[-45.1916,-11.1679],[-45.1399,-11.1739],[-45.2392,-11.2498],[-45.1987,-11.3065],[-45.2235,-11.3295],[-45.1983,-11.3368],[-45.2084,-11.38],[-45.142,-11.3624],[-45.1608,-11.3052],[-45.1374,-11.2796],[-45.1202,-11.3193],[-45.0573,-11.3],[-45.0904,-11.3547],[-45.0142,-11.3041],[-44.9801,-11.3212],[-44.9852,-11.3602],[-44.9528,-11.3454],[-44.9957,-11.4298],[-45.1458,-11.4933],[-45.1795,-11.5718],[-44.8998,-11.3853],[-44.8422,-11.3885],[-44.8218,-11.3163],[-44.8641,-11.3407],[-44.8829,-11.3167],[-44.8571,-11.257],[-44.7572,-11.2648],[-44.817,-11.3395],[-44.7436,-11.3289],[-44.7305,-11.3516],[-44.7055,-11.2959],[-44.7438,-11.3074],[-44.7602,-11.228],[-44.7187,-11.2201],[-44.7496,-11.2022],[-44.7362,-11.1779],[-44.7056,-11.1845],[-44.712,-11.2527],[-44.6703,-11.2742],[-44.6965,-11.2767],[-44.6932,-11.321],[-44.6366,-11.3324],[-44.6425,-11.2538],[-44.6979,-11.2031],[-44.6733,-11.1666],[-44.593,-11.1721],[-44.617,-11.1373],[-44.5811,-11.1282],[-44.6119,-11.1144],[-44.558,-11.0713],[-44.5389,-10.9892],[-44.5907,-10.9257],[-44.5307,-10.8517],[-44.5343,-10.7895],[-44.5025,-10.8063],[-44.5158,-10.8889],[-44.4922,-10.8177],[-44.4268,-10.881],[-44.3404,-10.9221],[-44.4324,-10.8635],[-44.4493,-10.832],[-44.492,-10.8153],[-44.5039,-10.7916],[-44.4022,-10.8541],[-44.4033,-10.869],[-44.3953,-10.8769],[-44.3814,-10.7885],[-44.3583,-10.7879],[-44.3513,-10.8358],[-44.3447,-10.8421],[-44.3338,-10.8433],[-44.3493,-10.7654],[-44.3185,-10.7332],[-44.2752,-10.896],[-44.2085,-11.004],[-44.1869,-10.9736],[-44.2689,-10.8486],[-44.2195,-10.7322],[-44.2129,-10.8546],[-44.1903,-10.8349],[-44.1583,-10.8608],[-44.1923,-10.8468],[-44.1997,-10.8713],[-44.1465,-10.8711],[-44.111,-10.8062],[-43.9309,-11.1426],[-43.6436,-11.9206],[-43.4616,-12.1809],[-43.3568,-12.4926]]]}},{"type":"Feature","properties":{"nome":"Pelotas_Mar","situacao":"Marítima"},"geometry":{"type":"Polygon","coordinates":[[[-48.7614,-28.5373],[-48.7415,-28.3873],[-48.6469,-28.2345],[-48.664,-28.1824],[-48.5992,-28.0313],[-48.6315,-27.9952],[-48.5744,-27.8906],[-48.6028,-27.8685],[-48.5787,-27.8291],[-44.6246,-27.8748],[-44.7467,-28.5713],[-44.9672,-29.3174],[-45.1344,-29.7258],[-45.3623,-30.1116],[-45.936,-30.8104],[-46.2451,-31.0866],[-46.5594,-31.3098],[-46.7004,-31.6792],[-46.9151,-32.0971],[-47.5985,-33.0816],[-48.3804,-33.8619],[-48.8611,-34.24],[-49.0594,-34.6197],[-49.3863,-35.091],[-49.7411,-35.4772],[-50.1464,-35.8217],[-53.3694,-33.7444],[-52.7962,-33.303],[-52.6629,-33.1616],[-52.5125,-32.9037],[-52.3427,-32.4271],[-52.2323,-32.2576],[-52.1181,-32.1667],[-52.0765,-32.1897],[-52.0755,-32.1433],[-51.8856,-31.9587],[-51.4709,-31.7269],[-51.2508,-31.5678],[-50.7698,-31.1106],[-50.3339,-30.5013],[-50.0185,-29.7728],[-49.6453,-29.24],[-49.2915,-28.8835],[-48.997,-28.6854],[-48.8102,-28.606],[-48.7614,-28.5373]]]}},{"type":"Feature","properties":{"nome":"Jatobá","situacao":"Terrestre"},"geometry":{"type":"Polygon","coordinates":[[[-38.5236,-8.9708],[-38.677,-8.9906],[-38.7085,-8.8947],[-38.6696,-8.9045],[-38.5831,-8.7924],[-38.503,-8.807],[-38.277,-8.7014],[-38.2962,-8.7636],[-38.2495,-8.6906],[-38.1491,-8.6509],[-38.1709,-8.6131],[-38.1487,-8.6278],[-38.1237,-8.6214],[-38.1411,-8.5885],[-38.1105,-8.6186],[-37.9987,-8.594],[-38.039,-8.5653],[-38.0241,-8.5455],[-37.9743,-8.5563],[-37.8868,-8.5009],[-37.8103,-8.5507],[-37.5025,-8.4982],[-37.5186,-8.482],[-37.4786,-8.4459],[-37.452,-8.4837],[-37.4007,-8.4848],[-37.4161,-8.4422],[-37.3796,-8.4653],[-37.3889,-8.4228],[-37.3535,-8.4684],[-37.286,-8.4601],[-37.3537,-8.4058],[-37.3022,-8.4117],[-37.2686,-8.4585],[-37.1904,-8.4456],[-37.2004,-8.4777],[-37.2204,-8.4611],[-37.2257,-8.551],[-37.194,-8.5255],[-37.1683,-8.574],[-37.0933,-8.5202],[-37.2356,-8.7005],[-37.3418,-8.7354],[-37.3669,-8.8223],[-37.437,-8.811],[-37.5276,-8.8763],[-37.5986,-8.8721],[-37.6209,-8.9144],[-37.6806,-8.9059],[-37.6737,-8.9257],[-37.7043,-8.9044],[-37.8043,-8.9683],[-37.7908,-8.9304],[-37.8249,-8.9314],[-37.9288,-9.0228],[-38.0874,-9.0416],[-38.2795,-9.1097],[-38.3049,-9.1459],[-38.3519,-9.1323],[-38.3216,-9.0971],[-38.3815,-9.099],[-38.3487,-9.0727],[-38.3823,-9.0332],[-38.3862,-9.0654],[-38.4562,-9.067],[-38.5111,-9.0244],[-38.5236,-8.9708]]]}},{"type":"Feature","properties":{"nome":"Ceará_Terra","situacao":"Terrestre"},"geometry":{"type":"Polygon","coordinates":[[[-38.9893,-3.5541],[-39.093,-3.5431],[-39.1176,-3.5123],[-39.2068,-3.5458],[-39.2982,-3.5274],[-39.3311,-3.3741],[-39.3279,-3.4564],[-39.3814,-3.5689],[-39.4307,-3.4167],[-39.5251,-3.2672],[-39.5197,-3.3789],[-39.5957,-3.4069],[-39.6841,-3.3472],[-39.5835,-3.1862],[-39.7196,-3.3275],[-39.7582,-3.3095],[-39.7557,-3.1595],[-39.8527,-3.268],[-39.8954,-3.2033],[-39.9568,-3.2254],[-39.9347,-3.252],[-39.9916,-3.2933],[-40.1145,-3.3044],[-40.0772,-3.2406],[-40.1022,-3.2331],[-40.1217,-3.0899],[-40.1488,-3.1282],[-40.1672,-3.062],[-40.1825,-3.1193],[-40.268,-3.1528],[-40.2472,-3.1875],[-40.2844,-3.234],[-40.2964,-3.204],[-40.3444,-3.213],[-40.3245,-3.1944],[-40.3531,-3.1954],[-40.363,-3.1259],[-40.4419,-3.1042],[-40.4419,-3.1454],[-40.5569,-3.0729],[-40.5638,-3.0322],[-40.4945,-3.0687],[-40.5617,-3.0246],[-40.5788,-2.9678],[-40.6055,-2.9778],[-40.5881,-3.0374],[-40.6682,-3.0779],[-40.6703,-3.1672],[-40.7006,-3.1947],[-40.6713,-3.0668],[-40.6876,-3.0104],[-40.7077,-2.9983],[-40.6998,-3.0224],[-40.7311,-3.0244],[-40.7536,-3.0511],[-40.7327,-3.0667],[-40.7205,-3.0322],[-40.7036,-3.0553],[-40.724,-3.1221],[-40.7619,-3.1039],[-40.7446,-3.0712],[-40.7941,-3.0029],[-40.8154,-3.0866],[-40.8373,-3.0023],[-40.8935,-3.0622],[-40.9266,-3.0484],[-40.9245,-3.1129],[-40.9451,-3.0764],[-40.9798,-3.0996],[-40.9881,-3.1186],[-40.9292,-3.1194],[-40.9744,-3.1576],[-40.9266,-3.1657],[-40.9552,-3.1747],[-40.9329,-3.2177],[-41.0105,-3.1575],[-40.9885,-3.1511],[-41.1101,-3.1036],[-41.1248,-3.066],[-41.145,-3.1015],[-41.1296,-3.0876],[-41.1191,-3.1261],[-41.1596,-3.1522],[-41.1786,-3.0907],[-41.2714,-3.0348],[-41.332,-3.1851],[-41.4499,-3.2718],[-41.4878,-3.2706],[-41.4806,-3.2398],[-41.5133,-3.2536],[-41.5123,-3.2206],[-41.4573,-3.166],[-41.4724,-3.2275],[-41.4407,-3.2179],[-41.4457,-3.2491],[-41.4237,-3.2264],[-41.4521,-3.1519],[-41.4363,-3.0827],[-41.4859,-3.1834],[-41.5404,-3.1578],[-41.5574,-3.2286],[-41.5891,-3.1994],[-41.5613,-3.1362],[-41.6443,-3.1516],[-41.6995,-3.0669],[-41.7245,-3.116],[-41.7911,-3.1051],[-41.8008,-3.0696],[-41.8874,-3.0942],[-41.7971,-2.9669],[-41.8658,-2.8753],[-41.8494,-2.7739],[-41.8144,-2.7397],[-41.5938,-2.9059],[-41.3388,-2.928],[-41.2595,-2.8847],[-41.102,-2.9013],[-40.9064,-2.8592],[-40.8438,-2.8852],[-40.7603,-2.8505],[-40.5926,-2.8442],[-40.5,-2.7848],[-39.943,-2.8586],[-39.7419,-2.9861],[-39.6197,-3.0267],[-39.4651,-3.1425],[-39.2528,-3.2225],[-39.0838,-3.3939],[-38.9952,-3.3978],[-38.9092,-3.5051],[-38.8125,-3.5415],[-38.6671,-3.675],[-38.4996,-3.7256],[-38.4724,-3.7081],[-38.4335,-3.7751],[-38.4896,-3.9753],[-38.5623,-3.9801],[-38.5532,-3.9107],[-38.6123,-3.86],[-38.5948,-3.7027],[-38.6232,-3.7628],[-38.6451,-3.7233],[-38.71,-3.7437],[-38.6764,-3.6778],[-38.7635,-3.7172],[-38.751,-3.6484],[-38.8164,-3.6486],[-38.9893,-3.5541]]]}}]}